user_id,count
22254,24
11888,30
9993,35
24269,73
3606,18
16576,72
20428,14
13282,32
21452,75
14204,32
25912,43
2136,8
13865,8
4032,6
13610,31
18574,8
2162,8
11078,32
21889,46
21249,9
16974,7
16504,44
26112,80
296,76
23097,83
675,41
12529,77
15634,66
25894,60
7273,15
1090,3
21783,3
23459,7
8304,3
9583,4
11563,3
18130,3
19338,4
10351,2
14887,3
18314,2
22596,2
26439,2
691,2
24114,2
18556,1
6731,1
16250,27
19990,10
13187,28
4894,35
19919,10
11247,49
20256,30
6558,8
2393,84
23479,29
11205,76
21711,17
10272,11
944,16
8092,53
9569,19
3368,33
19369,64
12888,13
6797,74
5067,49
4838,14
22542,15
5523,9
24528,78
20959,76
19289,76
2756,74
25821,76
3015,34
6366,3
17551,2
16549,2
9975,2
1669,2
14879,1
853,2
15539,2
26222,2
1394,2
23514,1
3281,35
1808,38
2700,93
10250,75
24580,75
3838,76
11822,16
12811,18
19051,38
24285,40
25685,8
13460,16
6081,8
7418,73
4850,10
11351,29
13107,11
7301,75
5316,71
19817,43
3836,73
11687,16
1361,73
8763,53
25155,6
1870,6
14525,4
17260,1
17438,4
12003,2
26456,4
5913,2
18683,2
23565,2
17741,2
3949,2
12204,2
13660,2
16619,2
3526,2
19390,2
5757,2
2725,2
24905,2
21016,1
25865,2
5181,3
11251,2
11106,2
18462,1
26360,1
919,1
22335,18
10110,19
12608,75
10993,39
4249,8
14439,9
17128,7
14340,27
6380,7
591,89
17718,5
3266,31
16946,9
14649,75
22920,75
8583,75
22154,8
26541,13
4988,29
12710,16
14392,74
22431,54
13027,53
10616,37
11902,28
4236,28
22893,77
18714,17
18211,8
13805,24
21833,9
9835,15
6143,13
9622,8
25835,9
11878,29
14313,13
25582,29
3312,9
15176,7
26338,4
8409,3
16093,2
8145,2
12957,2
20899,2
12816,2
5082,2
17715,2
4665,1
14810,35
6033,75
17375,9
18750,75
8179,44
10668,13
22043,30
20098,30
1773,23
10417,14
17099,30
7014,16
23535,28
6464,37
20592,9
18339,76
22652,13
3895,62
16654,28
22831,21
13180,19
6758,13
26415,29
23959,10
5134,40
21117,6
13655,7
16798,4
8279,4
11795,4
16133,5
3898,1
26131,2
24758,1
15829,2
13337,2
24521,2
19253,2
7013,2
7544,1
307,1
8082,1
13906,2
5986,2
2644,75
6264,97
740,23
13071,77
17930,35
6278,4
4417,8
5543,31
22895,40
20714,76
14116,75
15107,65
26196,7
22184,27
19985,16
4465,79
12508,29
22049,47
14361,14
17403,77
544,9
24631,16
3786,6
23171,29
6217,30
9028,9
169,28
19333,8
9296,11
14164,52
12466,74
17570,12
3241,27
2915,2
577,4
334,7
2477,4
9314,4
17855,1
24174,1
12386,2
12789,2
15343,2
23250,2
581,2
2129,1
14353,17
7402,1
442,25
22022,67
26132,77
9440,76
4078,8
11929,58
11966,59
743,71
2718,75
9656,75
22800,30
13352,12
3891,8
12643,13
21309,16
18223,15
23895,46
23934,9
26593,29
4685,14
14991,11
22543,15
4315,28
10487,13
20058,10
20387,26
19804,38
1418,29
23928,5
20372,8
21951,3
975,3
11965,2
7353,3
20433,2
13929,2
3365,2
15972,3
1104,2
26142,2
19717,2
26629,2
11592,2
18918,1
7015,1
10260,1
12274,1
22633,85
6091,75
22014,37
2341,8
2144,28
19442,88
383,78
10563,7
26673,17
8682,58
10676,22
1305,36
5412,17
19085,76
19773,75
54,9
10557,31
26217,22
19896,25
14672,76
3819,19
18577,8
18312,76
16668,32
12081,19
6069,30
11945,7
25123,7
11405,4
26782,5
3280,3
232,3
2953,1
17303,4
18913,2
282,2
26609,2
1487,2
15100,2
16085,2
12498,2
16255,2
20914,2
6612,2
26206,2
3661,2
13328,1
19249,1
9441,1
25200,64
22923,7
11048,8
1936,8
5377,71
22375,17
3996,23
1207,31
635,68
20349,52
24111,12
24092,29
23496,37
940,51
11588,41
17623,76
12420,17
8424,32
18715,38
19250,29
19811,76
9016,21
12192,17
5096,69
20243,31
25117,29
9472,29
21283,28
8432,13
19777,8
20294,16
11376,76
13367,8
1304,9
11428,7
10891,6
4205,4
2988,3
1496,2
1791,2
10628,2
23080,2
25766,2
851,2
15014,2
8547,2
15210,2
4730,1
17179,1
16735,75
9201,75
12986,10
20722,71
12838,23
18539,75
3808,75
16561,1
6121,11
12454,8
5732,29
25198,32
727,29
26238,16
15331,29
8714,19
22249,78
20621,77
23065,78
14387,77
4044,40
26392,16
11280,29
6300,12
4437,8
14872,74
10177,38
17423,77
3490,12
13986,2
11237,2
10088,2
15492,2
9951,2
5426,2
15259,2
21731,2
5829,2
5965,2
5656,1
22434,1
24651,1
2762,2
24565,1
16503,75
11134,8
6104,75
9380,32
26148,8
25863,20
21893,11
6721,48
25593,26
21440,8
10814,37
2363,76
14478,14
18182,28
22285,9
23499,36
19421,8
11467,79
14417,19
6632,42
16918,15
4546,76
5458,7
19312,9
25891,13
2115,8
4580,75
20671,40
21071,9
20024,33
9456,22
1601,62
1290,9
12919,76
19367,10
25939,18
21000,9
1236,9
17779,29
17215,2
18647,1
13592,4
23529,1
495,2
18057,2
24171,2
521,2
3884,2
25325,2
20596,2
17493,1
428,3
10803,77
12696,89
22433,28
19996,19
19714,7
2354,11
17900,83
23262,37
11738,13
854,71
17380,72
18538,29
11604,8
12941,15
21779,19
20383,9
18114,26
22158,16
20502,76
22748,10
23521,67
17834,50
20580,77
7652,29
1235,9
6094,77
1518,79
11798,8
22447,9
6841,8
24897,31
21838,9
19383,11
3578,2
14776,7
20985,4
16437,5
5076,4
14115,4
24752,3
938,2
1093,2
20987,2
21228,2
23805,1
986,2
20986,2
101,2
20719,2
20731,2
7813,2
21148,76
1539,2
6965,31
22859,12
9692,72
23043,12
279,67
6711,7
3764,77
15802,35
10440,15
13144,73
24534,16
23779,8
422,73
8815,8
25773,34
4157,40
10723,75
23223,14
21834,17
1318,76
11539,5
18248,74
1112,9
6662,76
13952,58
8898,15
3187,4
25769,34
20643,76
25132,9
23937,29
17774,17
12425,9
7781,8
17846,76
11384,82
26118,9
4189,76
4969,31
19410,30
685,9
10068,2
22797,6
15350,4
22636,5
433,1
2407,2
8206,2
595,2
16097,3
10569,2
25713,2
19751,2
21800,2
1856,2
24470,2
13244,2
12319,2
16081,82
13275,1
7072,75
15623,16
19733,75
11331,38
9459,77
2272,73
5081,71
1910,9
9580,18
8442,9
138,32
4738,26
22245,15
17366,17
3019,17
387,15
323,6
361,15
25284,8
13852,27
6280,9
25364,13
5572,6
15242,13
23788,13
3660,32
24736,9
8671,19
5830,77
3107,60
22088,9
4215,36
14790,24
25879,1
9864,7
11000,2
7037,2
7352,2
12913,2
23602,2
15211,2
823,2
21868,2
1111,2
20805,2
22018,2
15362,1
6926,2
22009,2
17031,2
6757,6
9712,23
1497,2
724,76
23762,82
24029,28
6152,21
6074,76
7387,76
9610,77
2443,9
12903,7
6119,12
4977,7
10974,8
26187,75
7912,55
8292,74
25803,75
1735,9
5576,40
2058,22
25702,80
21840,16
14637,18
8273,36
8419,38
10498,9
703,79
4542,15
25870,58
16779,11
4179,44
16121,12
12756,9
25160,2
2108,6
3546,7
836,5
6452,2
14757,1
11109,2
13821,2
23272,1
23610,1
22081,2
23399,2
14722,2
6555,1
11845,1
21287,1
1483,1
6249,8
14876,8
991,12
863,76
13806,21
4059,50
17977,8
8635,27
15180,75
18799,50
3074,33
13769,28
13160,7
9537,28
13661,30
24982,35
16690,9
15071,75
3922,32
13902,20
20249,10
25754,27
6571,77
20969,16
24830,9
25605,9
26125,52
24511,67
11872,21
7720,9
2799,1
26000,2
22687,1
19680,3
19843,2
18761,1
14419,2
2896,1
13404,2
26707,2
1470,3
3550,2
10918,2
17390,2
24130,1
5809,2
20182,2
16178,2
21701,1
19376,1
24882,75
19286,75
4531,75
73,72
20571,50
16698,75
434,8
20875,37
14832,8
6491,8
13989,8
686,18
890,31
15388,51
25883,54
87,76
8950,7
19525,32
25847,13
23816,6
4828,10
8481,41
18489,29
15047,15
21507,29
11887,14
20978,60
10058,75
14090,14
4476,10
13018,13
16862,15
25034,9
23075,7
19399,2
468,2
20149,2
3078,2
15365,2
7868,2
22352,2
4355,2
13304,1
13913,2
10502,1
22429,1
12402,76
26362,18
7910,30
14681,16
11327,28
6708,13
23881,76
16943,42
13782,9
22836,79
22989,16
26551,41
17836,41
710,27
8220,16
4837,29
3646,35
3777,9
16508,75
4132,14
17944,9
12935,26
20760,24
512,25
22726,76
2031,26
356,9
19207,59
16643,2
13375,2
6305,3
15353,1
20415,4
3745,7
20601,7
22766,5
11978,2
18870,2
14400,3
8742,2
23260,4
4584,3
12917,2
23710,2
13589,2
23158,2
16003,2
24175,2
26086,1
18376,1
24048,1
7780,74
13076,26
16238,75
20883,8
3,29
18103,13
20204,50
446,35
8235,72
18851,30
17288,17
16271,107
9107,78
24387,39
16141,80
21082,13
24969,18
21621,9
541,13
7948,19
9511,9
25976,77
1032,7
8865,15
17088,9
26521,37
12651,29
10638,86
10809,76
19409,8
8324,16
26544,2
22262,7
5000,5
8681,2
21552,2
13543,2
7058,2
17296,1
23090,2
14450,1
19906,1
5345,2
18934,2
22828,4
23750,1
14384,1
18451,59
8790,5
11175,2
3325,2
24105,1
11813,8
12285,15
3386,35
14582,7
11582,75
2943,75
24987,77
30,119
4024,9
6976,14
9517,51
1569,13
1215,79
3597,38
2759,29
26153,8
16284,45
11689,24
3288,9
10251,2
6208,7
12797,5
25589,4
5415,3
18706,3
11492,2
432,2
3346,2
26691,2
17433,2
9272,2
21616,3
5471,2
22115,2
4830,2
12566,2
2447,1
18179,1
21177,2
8181,83
20285,73
16098,6
20668,12
443,71
3072,77
24170,77
8600,76
10530,14
6807,60
8325,80
22658,68
25721,20
9956,67
12255,31
4182,76
23006,76
4366,7
15064,69
16831,36
34,77
18629,24
4163,76
3814,81
6405,77
8856,34
16306,3
16100,10
23434,71
1758,8
12852,19
9595,15
910,73
23901,32
8500,7
12403,10
23202,28
21328,29
4131,2
20508,5
6003,6
11759,2
12665,2
16458,2
11472,2
17364,2
5730,2
13444,2
22234,1
23291,1
4117,3
6805,1
8576,2
14241,76
12006,75
25606,75
25108,39
20052,17
133,6
11255,75
2252,11
5226,57
7879,7
24512,24
12614,77
20305,76
5062,84
3058,25
8194,49
20720,40
4942,35
14081,81
15864,9
14895,77
25386,7
8988,9
6367,7
7428,9
26619,79
2739,23
2339,13
6179,5
14951,7
20248,4
19058,5
5017,2
8798,2
11968,2
7717,2
14530,2
10561,2
21830,2
11279,2
24155,2
5440,75
21345,39
17750,75
22432,23
15617,28
11670,77
17453,27
12139,77
1300,9
22256,34
11329,99
9228,8
13091,66
11084,9
11049,73
22134,23
8735,29
24967,15
11194,9
3154,49
16388,9
4834,10
22315,43
13141,9
25264,78
25397,9
4200,27
20117,18
12831,25
24887,9
21254,7
14020,4
13941,5
2842,5
23087,6
17921,1
287,3
18349,2
6993,2
19543,2
10934,2
3642,2
19887,2
10593,2
23356,2
19515,2
19356,2
10619,2
3559,2
3720,1
524,1
26540,1
13177,1
6313,8
8289,21
12052,8
16168,28
24863,57
5584,11
7906,37
19331,8
7935,18
10586,9
3060,79
989,76
2353,29
10152,25
16965,76
903,75
21468,11
10150,9
14082,77
12785,32
21991,68
10954,9
10178,38
12960,79
16856,81
9104,73
21559,29
10038,3
15283,5
25039,5
14667,5
3162,2
10758,3
22697,2
7245,3
15938,2
9605,2
24375,2
1282,2
22604,3
5362,2
20707,2
1535,2
26343,2
25714,1
15676,3
12025,1
11648,2
250,12
12297,75
12168,8
9367,75
11091,7
16651,75
25398,76
9119,75
19691,100
19579,22
10853,29
1938,7
23547,24
9661,40
15732,23
13260,66
25152,17
9484,42
6399,6
3148,78
2654,24
15043,9
14619,72
16933,78
18008,40
3087,77
23942,76
17137,13
16434,38
15739,80
9602,14
25484,76
8683,9
4814,3
7687,5
7035,5
9706,54
21920,4
22086,2
2156,2
17328,2
3636,1
11464,2
9915,2
23597,2
23232,2
11394,2
23100,3
18069,2
1926,2
19519,2
7080,2
23141,2
25043,2
5219,1
19186,1
23457,14
24593,28
782,22
20385,31
24767,27
14269,60
10534,30
11143,75
10009,18
13060,21
5553,25
3098,18
26078,21
7161,28
7824,5
26199,13
5599,8
13847,38
22705,8
8718,9
16485,19
7664,67
21406,38
5022,24
18993,18
4974,13
26161,9
379,24
22278,8
22732,26
2758,29
14309,9
10709,2
9718,4
12347,3
10447,3
25230,3
22226,1
23723,2
16399,2
13808,2
15250,3
9683,2
22330,2
11837,2
16545,2
4995,2
14987,23
23132,68
8172,72
3807,75
9110,8
25601,47
15105,8
1679,8
23222,23
12216,18
13270,9
7921,16
17233,75
23254,13
19262,14
21323,76
26156,80
1089,10
12413,50
8017,15
24411,6
7166,29
2478,38
6384,30
3429,9
5653,76
8394,38
18424,9
25793,29
25441,25
25989,32
8284,9
14847,2
22761,1
9796,3
14175,2
8,9
23332,2
8126,2
20687,1
25258,2
7540,2
6021,2
695,2
1932,2
17537,2
4698,2
24548,36
19147,15
2576,2
18058,75
21149,8
22341,30
2561,69
20974,38
8446,38
15738,52
16325,8
5700,34
6754,18
18642,9
13313,10
7066,8
17377,81
20432,9
17908,28
26098,16
14891,76
12371,18
4681,15
19652,26
13350,9
15569,15
2816,12
9504,33
11239,76
22059,76
22337,79
12276,75
25503,40
18065,77
25696,7
2882,9
2211,9
19575,9
24724,3
3723,7
17313,9
15314,3
25570,2
16802,4
1737,2
22392,2
7523,2
16212,2
12397,2
21429,2
18084,6
3391,2
1227,3
8579,2
23859,2
2975,2
23220,2
26565,1
19596,1
13764,2
25874,1
1977,12
8732,76
24101,8
21784,7
15022,28
1277,9
7099,46
10388,26
10635,30
26556,16
8300,7
20054,24
5421,29
16535,32
14089,8
18303,30
16753,16
23777,11
20237,27
17002,15
20520,10
16680,81
14072,17
9156,78
13342,40
21603,12
5673,8
24278,2
24247,7
19949,8
5346,7
4054,1
5464,2
23387,2
9919,2
16204,2
692,2
25216,2
7983,2
21940,1
6101,1
15870,1
25635,1
258,1
13793,72
17717,35
6334,67
11947,12
21732,8
10775,8
888,12
5874,29
16752,50
25468,24
23049,74
25802,20
2496,76
21372,27
16837,13
2580,9
22,76
11830,18
4199,9
13755,35
4565,41
25531,15
5941,2
11860,4
7885,2
4266,2
3095,2
18484,2
9026,2
5886,2
9406,2
184,2
7425,2
17773,29
6661,2
8910,75
8355,8
8613,75
14041,75
12315,28
4663,28
23063,28
26072,8
18858,12
13483,8
14669,19
14349,66
16166,40
19867,19
19485,9
17692,28
3358,10
15902,50
5105,15
808,9
6325,15
8389,29
14939,61
3682,29
7827,22
7645,9
21034,45
13345,20
12208,9
1562,74
9724,64
8471,3
17268,2
21421,2
13239,2
25746,2
10514,2
856,2
23689,2
24841,2
11398,2
6345,1
4703,1
13528,1
2532,1
539,1
15214,1
25663,1
18797,77
22628,76
3630,8
18775,24
21514,8
10633,68
23015,8
4457,7
14528,29
6823,8
11213,8
3504,22
22389,8
3936,8
24293,76
4912,16
10728,9
22266,77
26067,6
22123,67
20815,77
9155,9
14680,10
6007,13
6111,16
24279,77
7947,38
3726,16
8372,9
19862,12
12864,15
23752,9
3565,15
19022,76
15910,2
24993,5
4979,5
18954,1
1941,3
15698,15
21942,2
24082,4
13293,2
9508,2
23516,2
14691,2
9227,6
14676,2
1213,2
15595,2
9094,2
4429,2
2121,2
23007,1
21157,3
17162,57
11973,87
12372,32
9534,75
15270,9
1013,75
2903,41
3137,28
17290,37
14662,8
8559,75
21756,65
26374,16
19859,11
16884,76
19521,9
26491,33
14036,74
9998,12
7856,15
20060,9
19212,10
16876,76
21829,15
13208,79
9470,76
18222,7
15621,10
12535,8
4305,32
3512,17
3084,29
11690,24
21599,21
26569,75
5615,2
11673,7
22589,7
3879,6
22541,7
3509,5
23945,4
14409,6
17608,1
11632,4
4693,1
13255,2
2991,2
20209,2
15578,2
25698,2
25459,2
3105,2
23849,2
6308,1
7639,1
8288,1
1722,1
2752,1
16193,1
21532,1
20449,2
488,78
18068,12
26676,75
7313,77
6886,36
19363,75
11681,77
16,77
25465,70
10960,31
24719,8
15475,74
15945,8
11787,81
11861,76
1919,10
4653,36
12016,8
12738,78
4198,13
9591,76
23787,9
22638,27
251,37
26019,17
7323,74
16594,6
634,8
11884,13
12523,25
3354,47
4874,49
1074,76
5845,31
20205,23
20964,17
1696,9
3605,29
21980,26
7715,3
13473,7
25934,1
11050,2
12384,2
1475,2
4540,2
14126,2
644,2
19274,2
15072,2
24459,2
23108,2
11063,2
1711,1
22198,1
17363,1
24940,1
4365,2
24103,43
11291,75
15258,23
17176,25
24241,75
22012,7
13973,32
5721,45
23029,76
25316,7
7899,85
12246,17
26703,53
11162,24
6431,80
19045,26
183,27
6844,17
12842,47
9834,15
18698,32
8150,16
11470,8
21985,7
868,1
15636,6
19718,4
24536,5
18755,5
11917,1
15615,2
25842,2
9754,2
1635,2
8362,2
5961,2
21929,1
17041,1
171,1
14139,7
17854,78
26528,34
26416,76
9878,9
2765,27
4392,46
4418,8
15808,75
11579,17
14383,32
8057,77
26678,9
14936,20
16988,29
26328,14
7612,9
10475,18
7778,14
20728,27
17958,15
7772,9
19722,80
24726,15
7370,9
2035,53
11154,71
10837,54
13063,55
12656,74
5136,8
14590,8
20100,2
24673,4
10932,2
6945,2
4430,2
22316,2
14781,2
187,2
4852,1
19050,2
24430,2
21799,2
7589,2
11796,2
23379,1
7716,1
26127,2
8142,74
19858,7
7670,28
12438,22
16842,70
8936,40
2350,23
7491,8
1877,33
10874,57
2056,77
26564,8
2703,17
25351,29
15839,31
18584,35
14354,76
4317,74
24079,9
3118,9
1004,7
2403,27
4026,13
16145,3
11083,1
20595,3
410,2
20970,2
5627,3
13369,2
18359,2
7962,2
3702,2
14401,2
11226,2
9371,1
16186,3
22374,2
25295,19
24151,76
24688,46
3272,39
7775,14
25875,31
11344,23
23219,77
9926,63
21280,77
2375,8
13399,16
13366,30
8418,77
11663,21
25174,29
528,76
4373,33
15125,14
6502,9
14583,54
22417,27
20278,80
8914,18
12115,10
24074,46
23711,15
18506,31
14374,71
7300,9
19243,9
24704,27
7386,9
10838,29
15684,34
15894,21
18543,16
2604,3
20030,6
26346,7
26578,5
14433,3
14641,25
16234,1
24497,3
22281,2
20632,2
24557,2
14222,2
3360,2
7560,2
13978,75
2793,2
9063,75
16391,77
8767,32
8035,29
24573,75
20059,29
2253,25
8198,11
21593,9
9241,68
2557,33
19779,9
594,72
10867,9
12976,8
20594,9
10331,11
13085,27
3821,33
26666,9
24984,13
14379,77
902,79
23194,76
8492,31
12034,57
568,6
25530,7
18902,5
26061,1
9587,4
22712,1
223,2
24913,2
8777,2
14280,2
629,2
4607,2
15974,2
12688,2
10142,1
10961,2
18175,57
6929,17
25628,76
7212,53
25081,74
15394,11
24416,9
8455,16
6896,75
16976,35
9008,7
3607,81
19204,76
697,7
4929,18
2547,76
9131,16
11197,9
6203,76
8160,76
25805,24
7202,26
3572,113
11263,20
5870,42
13665,56
15206,74
21395,82
23142,9
11061,75
14329,9
1519,8
19488,27
26257,10
4539,5
6714,6
5712,2
18162,5
15533,7
5443,2
19792,1
7729,2
14853,2
14976,2
7018,2
22396,3
4267,2
2131,1
3153,75
17706,19
11221,35
11077,52
892,8
20966,9
13017,75
2811,29
12833,24
14237,76
7087,76
5701,21
15154,78
12516,29
3003,12
4702,68
7399,45
20564,11
14933,9
14185,9
7295,76
7325,31
20552,77
2795,14
13235,8
23011,5
4466,7
13240,8
25785,3
6315,2
21027,2
7867,3
2396,3
10047,3
10442,2
17696,2
1185,2
20279,2
14808,2
25861,2
6956,2
20251,1
8575,1
9080,1
2805,7
13157,75
19078,76
25869,22
785,74
18200,43
1770,75
23673,79
6024,8
6816,18
14304,8
17654,23
25134,8
22360,20
928,19
13326,24
6468,28
23287,54
3524,9
10921,77
7155,8
19922,9
12149,9
13428,43
1076,76
8342,8
7306,66
824,76
14199,9
19974,9
8803,2
20951,7
19710,4
6812,36
21708,2
25680,2
10350,3
3527,2
7407,3
6894,2
11342,2
11435,2
8438,2
24333,1
20526,2
21817,1
9710,2
25333,19
6486,7
21984,28
20250,46
11004,85
3849,43
4204,19
19451,76
5286,7
20410,4
18107,8
18305,8
24611,58
16740,31
12209,16
12311,9
10200,29
11916,8
18674,17
15850,19
1645,25
14643,29
15307,9
21660,36
2094,11
12506,20
6591,18
19606,2
23725,1
14565,3
18020,5
21703,1
26158,4
6898,2
7069,3
11900,2
13600,1
12167,2
18981,2
15324,2
19873,2
2755,2
3310,1
4360,4
6002,2
22089,27
5647,82
3823,30
6079,74
6498,77
10073,59
8810,8
18144,27
25103,52
1278,33
8161,8
23045,7
3328,11
26184,19
18962,16
4806,16
10116,8
214,84
4167,67
7499,37
15703,78
25148,77
24265,31
9165,34
10214,25
18667,9
14050,8
15374,36
7255,36
21397,12
21527,9
23286,1
560,79
20619,77
22947,19
4151,9
24062,1
9138,21
7562,2
7329,2
6917,2
25971,2
8223,2
6608,2
15392,2
17505,1
8780,1
21229,26
16316,1
15527,19
24054,12
5156,28
18055,29
12443,19
25304,8
24371,23
10893,22
24832,16
1260,8
24594,59
4444,78
22146,7
4646,23
20528,14
3909,9
15787,36
21102,36
24424,28
609,10
19656,8
15854,21
26321,27
8894,2
573,5
15731,4
6891,5
15992,6
17443,2
8911,4
179,1
20427,1
8428,2
24307,2
6889,1
8338,2
15944,1
7438,2
16069,2
6919,2
10732,2
4150,1
26002,2
19774,2
3904,3
9299,2
23576,2
9090,2
22555,1
8580,1
18078,2
13092,76
3195,73
17331,11
826,28
6150,9
4197,12
12470,115
15192,30
20852,18
12682,23
25197,30
7000,9
8261,18
20611,42
18899,38
520,9
10354,86
22917,32
16653,14
3960,8
4517,9
3044,16
1193,9
284,73
9152,13
5894,36
5142,47
1058,91
19664,19
4879,49
24448,76
6864,76
22298,80
17178,14
24569,76
1579,76
24401,9
24031,3
6962,5
440,4
22300,6
16182,2
17770,1
22912,1
4438,4
11299,1
8059,2
12898,2
16127,1
14721,75
21131,67
3867,76
8461,135
6041,7
17849,7
22276,77
4291,12
21934,15
17103,8
12854,20
13654,23
15204,17
6238,5
1753,27
24207,14
5660,7
9359,9
12042,14
22946,76
13714,76
24239,79
16608,28
17480,29
825,12
2442,7
19280,80
9663,15
19282,51
11285,18
23064,51
25828,14
202,78
18555,29
9624,2
26066,6
23415,15
11484,1
6288,1
5517,2
3255,2
16924,2
3837,2
10953,2
96,2
14380,2
25731,2
14407,2
14246,1
26790,1
23322,2
20562,3
15918,8
12649,32
23190,31
8184,14
15291,6
14341,28
5349,59
12281,17
12282,82
4399,37
22681,72
26203,90
2210,46
3618,25
8661,41
8344,74
3724,79
12613,27
5734,9
15085,8
4686,7
13710,60
26420,9
17825,72
20382,8
12858,9
21835,33
25736,33
25620,9
19827,24
11509,27
11898,29
17791,7
8620,2
20833,6
9954,4
15054,4
10513,2
2277,3
25688,3
21017,2
6048,2
15098,2
21260,2
610,1
8653,2
26638,2
14819,1
19372,2
7790,75
4575,28
22632,19
4721,6
24762,75
4013,76
43,6
25248,8
9713,41
24621,30
26224,51
9443,72
4297,12
4279,29
8837,8
9667,9
5818,65
22152,9
5376,38
873,13
22295,38
16195,20
11046,53
20588,15
10220,26
20521,21
3393,9
22229,9
2638,17
15752,22
13957,4
16433,10
20882,4
16922,2
6210,2
20820,2
15390,2
21819,3
8200,2
13382,2
19540,2
26035,2
17601,2
18061,1
15643,4
8577,2
3855,76
15274,102
25078,7
3068,75
7908,7
9027,6
13335,18
23444,12
9072,75
6964,79
18779,8
8319,16
3624,8
2048,25
26101,6
3931,76
16556,19
22954,60
6386,8
15686,9
2479,27
3946,9
19503,16
3600,76
21949,13
25820,74
18891,77
21271,9
10773,15
26558,40
13679,2
2856,3
9727,4
12904,2
18459,2
5474,2
19332,1
14215,2
4547,2
14225,2
15339,2
5,2
14248,2
21319,2
25037,2
12497,1
797,7
7376,16
9474,19
7978,10
20375,20
9466,75
10332,34
13965,49
12512,27
20171,15
11216,7
15091,75
15780,15
20962,16
4237,31
25312,54
23398,10
2336,11
1576,36
13910,30
22999,34
815,13
13145,72
2463,36
22684,70
9385,31
2737,30
8439,7
23966,10
8056,49
11540,13
18289,9
20826,76
1082,29
9083,5
26665,2
31,4
14201,4
3036,2
7400,4
23478,4
17522,2
10763,2
16392,2
21110,2
22407,2
16214,2
16515,4
16743,2
21399,2
9730,2
9731,1
3194,1
16184,14
4792,2
18620,1
8263,78
10592,75
5189,15
20844,74
12097,10
21571,13
25151,76
13213,8
13195,9
21158,10
22179,9
100,9
22967,20
14483,18
24248,83
12835,26
10584,14
19748,9
26304,78
19328,9
22537,76
4615,9
22270,24
13593,6
7480,17
7336,6
14603,6
10683,2
17460,3
2337,2
13162,2
26149,2
26672,2
5556,2
21803,2
908,2
15313,2
23187,2
2902,1
16511,2
6588,2
20747,28
18453,26
18443,71
16729,80
20515,28
25237,62
10618,12
15781,7
9288,21
9246,13
7559,46
21696,6
12927,21
10613,29
6984,36
19784,69
18982,13
7048,68
6200,27
14141,39
17397,9
20363,29
3285,76
8969,19
22586,26
8922,9
1749,8
25112,9
7115,16
25490,43
22909,76
2098,77
16240,5
9604,7
6025,4
18030,5
24039,4
20157,1
21446,1
11418,2
19000,2
18147,2
8412,2
4954,1
21499,1
13070,2
5742,2
5384,77
10641,18
22344,27
16367,78
481,8
13773,73
24657,63
4296,18
18250,10
2251,5
10681,75
26336,7
1978,14
5196,12
11942,34
3876,36
15431,76
3905,70
17794,41
17044,27
24720,30
1568,10
12537,40
19599,9
10463,14
10621,40
523,31
7481,27
20522,13
26492,20
11746,1
2258,2
14224,1
17913,2
16793,2
14468,2
16533,2
17948,2
8417,2
16808,2
11696,76
13238,21
15913,65
8298,50
21288,27
18450,34
3338,16
26157,74
13896,11
16490,42
13656,14
13584,75
3027,75
13227,74
1473,40
3444,28
15438,24
21321,76
10675,9
19347,13
5120,19
20152,9
70,7
17368,10
19059,78
8021,15
3134,19
23627,10
13726,16
22937,38
20402,27
5929,76
19708,34
6237,19
19700,1
10185,2
6509,2
6916,2
23019,2
23400,2
25344,2
8747,1
20202,5
24330,9
12672,2
4762,52
6971,34
23941,69
14363,8
9205,8
11502,8
17191,75
2444,77
12193,33
13979,9
20834,77
3789,29
20949,9
6461,68
22547,23
2300,19
13621,9
11017,66
13797,9
15526,76
10462,16
17347,18
21772,76
10946,28
22858,37
20674,29
22702,26
10544,71
13678,36
19848,9
4867,76
4557,6
14398,4
11550,5
25214,6
21622,7
24793,4
22187,2
19304,2
3955,2
2438,3
10394,2
7712,2
1829,1
26511,1
14559,3
18843,69
453,75
9943,75
2330,28
8589,6
20399,17
19018,8
13303,47
2711,6
7614,38
11697,58
20979,20
9428,49
20088,76
2734,19
25211,75
4458,75
502,19
11828,18
17965,9
2612,55
18920,10
12036,77
25618,9
13954,24
17167,8
10548,38
4971,13
632,33
25336,7
9928,50
11302,22
168,11
18677,4
19886,6
17434,3
921,7
25400,4
19270,1
15967,3
8817,2
17338,2
2803,2
6406,2
15318,2
2002,2
302,2
13446,2
25402,2
7579,2
17528,2
16180,2
1509,3
20374,3
4201,2
17206,2
6191,1
9070,2
17698,11
9430,20
5792,10
12494,18
21773,74
15200,8
11075,39
11999,75
6729,21
12245,34
981,21
15135,10
505,8
14990,18
25300,24
11735,7
2357,5
11789,10
6701,68
11018,9
21900,16
17847,77
5840,37
11691,43
13438,19
16094,17
9833,74
18801,9
3549,38
18003,20
12502,78
12669,50
13042,16
24950,19
364,10
6339,5
3213,6
26776,4
26753,2
10149,2
11591,2
17689,2
8413,2
11368,2
21631,2
26069,2
25987,2
24080,3
15113,2
16916,2
6349,2
8044,2
1863,2
14176,18
17924,12
5614,35
17823,75
2359,9
16481,8
22756,74
6938,15
20797,18
3333,6
19245,49
6690,45
8233,8
8702,9
13762,28
20888,74
19139,10
19968,76
15823,24
25342,75
5791,10
20421,50
18247,24
20702,36
19237,9
6996,49
14220,76
23699,7
10741,72
17093,30
2009,13
9257,6
9521,76
12368,16
5479,63
22251,52
496,26
13652,76
24483,12
9789,12
11102,18
12406,79
6500,10
2360,29
15037,9
1398,6
6352,6
7789,3
5117,5
6556,5
11709,6
16474,5
1812,2
12335,4
2892,2
24191,2
16042,2
13853,2
3339,2
2157,2
15693,2
24868,2
3534,1
12334,1
20705,1
18013,17
12841,2
477,1
19357,33
7268,78
13727,8
25568,29
6130,18
10358,9
18593,37
3112,8
15400,19
24918,31
19723,29
13817,29
12564,78
7863,29
13277,8
20684,68
21713,77
13125,16
6419,9
14243,64
5776,53
16162,8
9489,48
1845,1
23676,13
26152,9
23686,76
75,9
14740,37
14607,46
5573,80
24157,27
21653,2
5258,3
26751,6
3139,2
14782,2
10996,2
20980,2
15724,1
1798,2
13449,2
21459,2
23729,2
24878,2
493,1
14852,1
21434,1
667,1
17310,9
6012,1
12784,75
13392,32
5063,15
8703,74
26225,98
8480,15
23085,33
19628,10
10486,73
17636,29
25908,28
15325,76
12272,77
3712,9
19483,38
12515,9
11574,65
9403,9
15966,30
20798,27
9480,9
22384,11
11043,9
15280,30
4756,78
8084,27
14156,37
14821,30
13158,8
26621,5
22418,5
12894,17
22468,5
24909,4
24953,2
4009,2
21933,2
19131,2
23741,2
13498,3
2957,2
5340,2
25679,2
4606,2
17722,2
2965,2
11208,2
21308,1
6417,2
24610,1
25881,69
21030,74
26657,75
23231,75
166,81
4037,14
15749,18
11452,8
17148,76
596,9
13602,77
16938,14
25547,9
8391,13
18880,83
23042,9
16408,31
17221,73
25655,13
26039,49
5307,38
21301,26
10194,2
7045,5
6455,2
23577,28
22891,2
219,2
12760,2
14730,2
22661,1
8354,2
1337,2
1792,2
22002,2
16659,2
25352,2
7009,2
19128,2
13887,1
20169,1
14024,1
24356,42
26658,38
16670,7
9800,12
16652,8
13359,6
13763,33
24006,80
9799,8
1433,15
15888,25
14406,76
15439,26
7296,76
18580,28
21816,13
9390,10
11624,6
17287,19
1633,75
13347,58
12635,19
26147,29
6008,18
1834,29
13004,76
20336,13
8299,9
1676,9
10724,6
5649,17
23960,27
12324,10
8992,7
2981,2
14256,1
10511,1
18087,2
26581,2
25358,2
24799,2
3228,2
20864,2
9576,2
5836,2
11740,3
26717,1
17807,1
3511,1
23795,86
23394,75
13292,22
6777,69
19014,18
11993,32
21354,7
25372,8
16788,16
10601,8
23677,75
1261,29
227,77
6668,76
26,7
8167,55
18120,76
8942,9
11176,16
20846,13
10858,11
13223,13
16712,13
12130,76
7451,14
25557,17
5228,13
16341,78
20236,51
5040,24
13251,2
21792,3
16135,2
8358,2
16471,2
9825,1
18488,2
24815,2
19417,2
23734,2
19926,2
4490,2
9079,3
16968,2
16129,2
23474,1
21289,1
14842,15
2794,2
11668,75
19672,8
2221,75
9378,31
5950,77
3625,79
13729,8
3864,6
16605,87
16366,28
13034,9
20605,29
12910,31
9023,59
16899,8
3021,31
21997,9
1064,10
22810,14
24186,19
15024,12
26661,9
5102,9
2900,76
16449,52
10588,9
3208,19
19484,1
16934,16
3433,77
26497,2
19709,3
13310,7
4405,4
21636,5
5191,4
18442,3
14298,2
13831,2
14343,2
24327,2
4309,2
26601,2
876,2
6293,2
20186,2
8937,2
25895,2
120,2
11760,2
12592,3
12787,47
1046,421
24785,75
6028,75
14573,1
26228,15
18794,10
4868,12
1161,75
13964,9
8594,23
14567,77
18354,77
25321,9
20824,8
13635,45
19036,77
3377,69
6357,74
7755,24
24232,32
14037,75
14547,30
9543,31
12899,15
9946,17
23416,77
23279,18
11528,19
866,9
11494,17
14930,9
4239,77
3923,16
4395,10
10985,24
11466,35
23532,19
13677,29
22248,51
2690,10
1446,29
5842,71
6881,77
18720,15
21668,79
25190,8
20048,8
19423,2
7968,2
17957,2
16154,2
548,2
21312,2
3042,2
25176,2
26096,2
25901,2
22841,2
16881,2
24539,2
2537,3
8202,3
1827,2
9902,1
8402,1
14841,82
1144,8
3987,74
12769,75
5215,73
26230,24
7534,24
15490,75
5501,13
3721,79
8343,65
21626,76
5257,82
12657,28
16912,24
1652,37
20043,72
10626,33
17188,52
10167,29
6378,76
1139,76
4601,36
22713,117
22092,29
10335,8
15087,30
12000,18
19175,17
9871,9
21824,2
16757,7
25229,4
26498,3
17320,2
8570,2
8436,3
15824,2
23384,1
8345,2
2712,2
773,2
22509,2
24654,2
4111,2
6853,2
21351,1
2342,1
20813,1
18857,1
8136,1
15853,87
16880,9
16117,28
19587,29
46,28
24543,19
26600,7
25281,22
12489,34
16430,14
22157,75
716,76
19602,8
5977,12
26327,19
1799,51
24242,14
21343,29
5651,8
17253,8
22185,43
7605,9
25658,7
8055,15
26610,76
19979,78
7769,81
7149,19
3590,14
22984,15
2480,76
9540,9
15647,78
13647,15
20840,13
11443,5
19468,15
21791,6
3233,7
10941,3
8951,5
17754,3
15976,2
5985,2
16955,2
7478,2
13115,2
12009,3
21258,3
5770,1
16534,5
3518,75
24995,74
3868,66
10884,13
20455,73
13222,5
6522,36
20177,20
11320,44
17752,12
22683,28
5454,87
12966,19
18001,47
15611,34
17244,76
24920,17
10611,77
26750,27
14327,50
2694,9
6321,29
12069,62
22531,36
23331,77
9739,32
1130,10
15016,16
14696,41
12118,68
9716,18
22668,19
25991,2
4364,5
1851,6
18783,4
906,4
16850,4
15133,5
22393,3
130,2
12305,2
17518,2
7849,2
8031,2
18334,2
24090,2
6575,2
11701,2
23692,1
13925,2
8429,2
9913,2
1884,75
15117,35
19995,27
21026,21
9851,15
21570,72
17690,7
10472,29
18329,41
6064,66
16715,17
20240,51
11607,29
1272,8
25864,54
15652,47
14335,6
1854,34
12722,31
15500,14
26520,4
13920,17
17264,18
3186,79
15762,13
10468,3
23230,9
25017,5
7153,2
16996,1
18909,2
18236,2
3576,2
15841,2
20401,2
11125,2
10654,2
14495,2
1448,2
21916,2
3000,2
22722,10
15031,54
16939,70
9763,75
8987,19
6373,4
13909,28
23269,7
21879,46
839,19
16203,51
25887,19
9682,9
14348,41
6639,9
8454,9
14955,76
10300,18
24277,8
5593,13
22655,7
802,2
21957,3
10003,2
7123,2
14803,2
948,2
23786,1
6616,2
23296,2
18360,2
16827,2
17827,2
9734,2
18097,2
5630,2
18782,28
19314,33
14645,15
26223,75
5178,11
3343,75
14685,33
7327,18
19611,18
790,48
25231,14
21005,9
18353,10
21200,18
14009,17
9275,72
21522,14
78,2
24332,1
26275,5
26024,8
12053,2
24633,2
11362,2
7811,2
20131,2
9881,2
19162,2
13534,2
13683,2
12571,1
2719,2
9653,1
12792,1
8003,1
8551,75
24053,2
22993,39
1750,32
2997,28
501,12
25551,76
14948,6
6811,11
5924,9
4589,30
22326,9
1404,17
17832,76
16289,7
23149,16
14919,76
26559,15
6441,36
22646,31
4456,16
2839,56
23593,51
2512,9
23629,41
20908,35
11454,8
5058,26
9531,2
7998,2
20484,1
19437,3
23174,3
17710,2
22897,2
13105,3
2191,2
18123,2
16358,2
5110,2
1196,2
9953,2
18503,1
16696,1
22958,1
13740,2
2767,2
6369,82
9645,30
6681,8
15833,8
25369,23
3020,8
18152,28
4860,68
16215,55
10093,76
2925,8
6430,44
89,61
18686,23
15384,60
12356,23
20531,101
24094,23
13576,51
5906,8
23073,24
9887,9
26385,39
4313,51
525,9
2538,16
10847,58
20194,29
18873,39
22572,9
20351,50
6508,10
7129,10
4314,9
22241,3
25930,8
18842,3
3182,3
16935,2
12086,3
2324,2
1904,2
13140,2
16101,2
24194,3
8874,2
18931,1
16009,1
7324,2
25885,76
5602,60
8775,19
21881,31
25900,12
8464,8
14922,8
13323,9
3039,8
8276,18
14008,34
13315,76
4567,16
3788,9
25937,9
26154,15
13850,76
17736,9
5361,40
16492,36
1847,40
9266,24
7020,76
26008,15
18079,25
23642,10
11167,39
16345,28
15673,2
620,10
10973,5
1927,6
9056,2
25496,5
20101,3
20876,5
1208,20
1921,2
11168,2
24824,2
3871,2
13971,2
24431,2
290,2
26300,2
4441,2
5251,2
23726,2
4067,2
17223,2
14630,1
3669,1
4093,1
943,1
12548,1
17751,28
6393,28
7201,8
12441,9
26175,17
1000,31
17101,16
15734,8
11779,9
12159,26
20361,8
14728,8
25627,9
18939,73
8486,22
10491,9
6257,29
2102,20
7496,44
9677,51
18780,29
26693,11
26117,77
6088,67
9124,21
5032,2
118,7
10733,6
8926,1
15514,5
4664,3
12364,2
25691,2
24520,2
4891,2
14053,3
25328,2
23713,2
24294,2
25319,1
13155,2
8291,1
19908,1
15771,1
18781,34
9256,2
669,2
12762,68
26549,9
16411,75
2666,8
25831,8
17155,47
6262,75
23563,13
16606,36
20466,76
16028,9
23390,35
8383,32
24148,16
7741,9
25974,13
21935,76
23814,26
5974,30
21128,9
6336,9
25926,76
26027,18
517,9
1668,16
24895,76
5250,16
19518,15
385,3
14881,1
11792,3
4126,2
20920,4
22206,4
5551,2
12758,2
23182,3
19364,2
25027,3
17877,2
1820,2
6954,2
8552,2
20568,3
1916,3
17455,2
7247,1
20572,1
24016,76
3962,76
14647,75
4827,28
798,8
3301,32
13570,9
1128,76
4192,15
18502,74
841,9
17531,20
21402,75
9226,23
9113,33
25013,9
5205,44
5563,77
24589,25
21333,36
6062,10
15597,61
6155,17
7220,6
7761,6
756,2
4521,1
7831,2
26421,2
22693,3
7174,2
24988,2
8603,2
8309,3
15104,2
2695,1
5927,2
24462,75
21979,49
24433,40
14233,28
20440,16
13261,7
13614,8
18094,36
7866,8
20010,9
6651,41
3415,9
25818,27
21311,9
4713,12
19148,31
6070,39
22671,72
17341,7
11577,9
4781,7
4113,6
14843,5
11051,2
9158,2
10570,2
18076,2
15929,2
6294,2
18705,2
753,2
26160,2
653,2
19323,2
25641,2
7916,2
4973,2
17970,2
6435,2
12278,1
24167,2
12961,75
20311,33
2178,19
1408,8
22025,13
5577,10
8185,15
14231,28
21104,14
22900,5
23740,70
5996,17
14223,76
4967,9
8706,77
21743,32
23851,79
1976,8
22257,36
16769,79
230,65
8998,9
8011,40
23530,27
6418,26
4899,32
1351,28
20118,16
26303,9
22614,51
14992,77
10269,76
1172,40
12350,27
2599,8
19465,23
18043,75
15185,18
9906,62
24602,9
11597,48
20704,29
23522,6
4935,6
22376,4
4964,3
11995,2
11692,2
22208,2
13547,2
25876,2
11275,2
10288,2
7816,2
2657,3
19368,2
6206,2
1585,2
22041,2
7690,2
17945,2
16092,2
24288,3
24407,1
15562,2
12044,1
3026,4
14917,22
1738,47
9977,46
21523,4
24992,23
26280,35
15465,34
11026,73
13022,53
10262,33
1857,68
16376,73
24064,9
8453,9
21092,19
22691,73
19355,9
18974,16
18191,77
7345,46
18510,9
14492,19
5532,8
2163,15
799,29
3816,5
2613,2
9096,7
16525,2
20916,7
2412,2
15733,3
20425,4
7620,3
3409,2
10400,2
21441,2
26025,2
10965,2
21340,2
6970,2
20749,2
12092,2
11038,2
22258,1
24506,1
11672,1
11439,81
18764,67
26071,76
678,8
1167,46
4680,14
12620,75
19508,30
9632,36
21531,8
22503,9
4374,66
5314,74
6750,39
604,75
25522,29
11658,29
23531,13
15472,74
10230,17
2797,9
10062,19
6762,80
2787,36
19428,18
8305,76
25595,54
5277,6
20093,57
23643,9
13467,9
17861,54
344,28
12265,50
12721,11
17102,1
17799,2
11531,2
14061,4
19584,12
11629,4
15567,1
4384,1
19073,2
6959,2
16725,2
9179,2
1110,2
8723,2
20231,2
5789,2
4099,1
14609,1
12772,2
21368,21
3639,74
21996,21
19583,53
10201,48
413,8
6112,39
13284,76
246,49
657,7
20604,16
4983,78
5832,8
10412,76
11733,19
7745,14
4085,79
60,76
16370,82
702,76
2290,11
24822,16
978,13
14446,75
14817,9
8596,19
229,17
16297,10
104,15
17479,39
23494,27
21907,19
6814,13
10209,2
15581,5
21100,1
21990,4
26681,10
8625,5
4704,15
26430,1
16368,4
13001,2
68,2
23057,2
9021,2
8533,2
15132,2
2625,2
23910,2
16621,2
26454,3
13430,1
16667,1
24821,75
10233,8
2297,75
23442,13
8923,7
3713,7
8727,16
23549,53
6601,76
23824,10
4959,19
6506,28
25038,13
12033,27
26463,33
1165,9
3330,76
8996,74
1391,7
22736,9
24311,74
24836,9
8881,19
25093,30
17209,16
9313,17
5416,2
12774,4
15207,2
3540,2
21204,2
12853,2
24606,1
2038,2
10524,2
16025,2
6796,2
8858,2
9141,1
13577,2
3585,2
13980,2
25273,1
17719,1
23375,76
23246,58
16390,75
4784,71
24835,15
5265,8
24429,8
2768,28
6746,36
12703,10
14856,7
13468,8
13053,30
2449,76
25135,19
21195,31
18350,6
2832,88
5861,77
21516,44
15963,47
17289,21
10543,76
18040,13
10079,7
9230,88
17369,10
26547,29
10577,14
7695,65
3278,25
5342,11
15408,7
21025,8
1875,7
1382,4
21043,2
11451,2
6036,4
8871,1
16529,2
21438,2
15612,2
15410,2
25239,2
14307,2
23948,2
2498,2
25489,2
15443,2
12829,1
17578,17
18195,21
25290,21
16649,8
994,14
12633,37
13510,36
17227,18
10202,74
25035,18
2355,76
11506,75
1234,8
15323,75
25896,17
21618,22
5562,75
3138,32
16431,8
22386,29
19083,20
15563,26
16687,76
9077,6
1113,16
12560,9
8416,6
8058,2
7545,2
10109,2
16811,2
4308,2
4842,2
7582,2
22556,2
15370,1
5529,1
9439,2
24022,121
16435,19
9253,65
14390,73
8690,15
26168,35
21386,8
20369,12
5975,13
10059,14
23458,76
8331,26
2500,75
12351,34
2566,80
7525,27
12401,29
14396,17
24850,33
3917,47
13450,15
6838,16
9398,7
7133,15
6032,13
14870,38
16547,9
16985,9
13124,35
2049,7
17039,7
13013,7
2859,17
1625,3
10022,3
8636,3
11408,4
2485,2
1890,2
4720,2
24426,2
7356,2
9238,1
1331,2
25157,2
24414,1
6166,1
6071,33
9588,75
439,8
4981,8
24723,8
22970,9
23519,49
9448,15
22570,74
25960,33
840,31
12828,8
22866,27
5968,29
19120,5
11293,31
3951,72
1038,7
20712,5
5989,39
7027,22
19934,9
1316,26
6355,9
11694,9
3896,10
15471,83
11298,8
16428,78
7904,38
12636,8
5209,7
5364,18
13216,6
3323,3
15300,2
2374,2
25676,1
8410,2
3828,2
5612,2
14310,1
10940,2
20933,2
21807,2
8013,2
26798,2
533,1
19378,13
15363,75
24597,23
19646,76
16496,75
16398,73
6980,74
19010,76
23276,74
26177,66
8946,8
19303,28
8168,29
10192,18
10658,36
24488,1
18033,9
16673,8
13926,6
6364,5
8605,2
19134,3
8376,5
2870,5
5716,4
13443,4
18272,2
15093,2
24732,2
18277,2
24342,2
13606,2
24541,2
9861,2
6983,2
10766,2
25099,2
16964,1
8964,1
21936,63
17317,6
8938,54
10717,38
20773,9
18631,57
6684,72
5417,17
1557,71
25003,23
23852,8
19601,67
6050,8
10002,53
10211,67
4811,12
16890,58
931,76
14318,29
1878,36
1210,16
23993,76
19316,6
18591,36
25639,8
23323,8
16518,10
23571,30
25159,7
14499,6
16274,3
14513,2
2287,2
26466,2
4139,2
7394,2
6350,2
4571,2
345,1
8043,2
11700,2
24473,2
14801,1
8377,2
26587,2
6707,1
2520,3
8149,13
16227,2
14091,2
7341,71
6332,31
26236,18
23871,17
7874,18
21306,8
8892,8
1066,8
13914,12
4711,10
11812,48
10391,30
2269,23
16783,13
15956,52
18099,78
23439,37
9874,31
2198,22
5558,71
16489,76
9052,77
22581,13
16326,13
14954,9
3915,42
26269,14
12893,16
5221,36
1396,6
2735,2
6239,5
20547,4
15711,3
15535,3
19501,2
11515,2
15718,2
26764,3
16927,2
26446,2
18966,2
21786,1
10714,2
20656,2
10372,1
9002,1
23633,79
9018,74
17890,10
14561,24
2237,34
1456,16
22602,79
17370,35
6451,39
3069,24
9049,9
26270,76
21299,53
2582,18
6856,9
3746,10
17882,76
21733,80
9812,15
15645,15
3659,15
2982,70
22510,29
8139,20
23470,11
18608,2
5983,6
16599,5
10322,3
21332,5
25224,2
23431,1
12075,2
21322,71
7218,20
1422,2
1688,2
111,65
25262,76
26786,6
18238,6
6565,46
26755,16
16961,17
18917,17
10970,77
16707,16
15227,32
23351,51
24522,12
21054,30
7078,9
16571,30
7494,17
7627,37
9169,9
25260,14
17546,7
21602,76
26358,29
24712,3
8478,69
13774,20
26260,9
18202,76
263,19
6773,9
15198,7
1468,96
1533,31
11386,9
1190,9
7682,76
7279,4
645,7
4041,12
13388,8
2770,19
11459,8
25909,7
7865,7
4945,4
7423,4
8753,4
4513,24
1790,2
17489,2
3453,2
17941,2
21769,2
24135,2
5506,2
20660,2
17529,2
19590,2
24923,2
14016,2
11199,2
694,2
17514,2
15556,2
13348,1
4115,1
17782,11
8174,8
7960,8
6129,87
13189,75
2080,15
17724,75
8259,29
6819,28
19256,14
14469,13
18025,43
5494,54
4946,18
14403,8
20880,12
13480,75
24962,19
11203,27
18049,29
22827,29
1301,18
22279,8
220,36
24000,18
17819,16
17353,19
19624,33
7646,16
24033,29
5623,9
4380,29
15184,74
12327,76
197,9
8278,42
24899,76
4479,7
22351,29
24202,26
20211,2
24765,2
10519,5
13944,5
722,4
15411,18
12619,2
8627,5
2011,2
5118,2
21002,2
6011,2
21761,2
3032,2
2825,2
7462,2
24260,2
15858,2
26733,2
11575,2
18665,2
13529,2
13628,2
12050,2
23545,1
6381,1
8958,1
23807,73
24552,20
4605,39
23373,41
7475,75
8504,12
1148,73
10688,8
26485,5
20337,57
709,75
15346,6
22863,18
23320,71
11774,70
13262,24
11778,9
12477,31
14188,22
19855,76
19224,15
26781,92
11771,9
19946,78
22156,9
4735,9
4999,29
983,16
25111,24
18019,89
5247,76
6211,6
4022,16
18180,20
23922,54
8351,66
11743,15
25251,7
1105,9
22988,8
18798,6
25357,5
19793,1
7855,2
17533,2
2422,2
16578,2
5726,2
10154,2
8528,2
13168,1
11493,2
12513,2
17346,2
5140,1
2579,1
5172,1
22476,2
16593,75
13403,50
8474,76
1078,87
3791,28
14534,10
606,28
10311,76
24570,18
3081,6
3975,85
15600,79
7232,7
21115,8
22594,17
25807,26
16773,51
3881,13
8361,18
12984,10
16270,48
17199,29
6236,77
18390,78
18216,77
9410,9
1107,76
2116,15
4161,27
11836,28
22579,32
24197,8
25903,9
9821,76
18110,9
23584,9
4357,13
20535,8
16646,47
5837,5
1184,5
6436,5
26725,1
15162,2
6999,2
7844,2
17475,2
5244,2
18988,2
21365,2
20695,2
17694,2
19536,2
12749,2
23234,3
4110,2
17361,1
12887,1
19434,1
18614,2
6531,23
15073,59
12120,35
4773,8
10216,23
19925,76
10065,14
2391,12
14596,8
20610,7
18911,76
10454,6
25125,48
738,7
5596,81
18279,79
13322,10
14543,16
7642,24
6574,9
10817,42
6476,18
20968,12
9350,8
21093,9
6446,77
22933,22
16513,29
25326,17
17889,5
21095,6
13336,4
17057,4
11784,8
26470,1
17272,2
25511,2
6552,1
1344,2
6730,2
4602,1
729,2
14526,2
412,2
6950,2
16058,1
23523,1
16104,3
21007,19
25187,70
3658,44
18102,35
1027,76
17285,69
8739,9
7901,47
8265,8
14080,12
5579,24
15772,76
13961,7
14769,77
6507,34
7576,8
18112,21
12806,18
18377,9
10844,79
5766,9
21798,10
17046,32
18015,26
16440,43
23418,12
1762,6
95,5
21191,3
7725,2
24640,2
13143,2
23152,2
24786,2
12333,2
11958,2
17201,2
14717,2
20006,2
1247,2
15619,2
15776,1
4493,1
4754,2
16405,1
25199,73
9383,67
19545,32
1312,54
13942,25
15099,72
25494,50
26007,8
16068,76
15463,37
10218,78
1451,8
2022,76
4745,64
5300,7
1852,68
927,76
819,28
10811,30
7895,77
822,76
13527,12
9280,8
17146,28
3361,9
7992,31
1538,9
18638,65
3473,6
20845,6
14420,3
18690,2
4101,3
23096,2
2315,2
26345,2
16531,1
5276,2
15766,2
6550,2
19006,2
4810,2
11372,2
20413,2
25450,2
8581,1
16444,2
1683,3
26104,2
11039,16
3899,35
15657,14
1802,74
14268,69
10645,61
3763,51
16650,68
22137,72
14882,77
7634,76
369,69
5888,21
17396,77
9929,80
24847,80
24490,8
9098,68
18927,33
2328,13
11800,9
22289,43
4614,5
18139,7
18860,5
23774,3
20322,3
9520,2
10199,2
6618,2
1231,2
23707,2
15481,2
3495,1
20561,1
3152,73
3901,75
14146,16
19222,16
2008,18
24803,38
20765,52
11570,34
16895,14
1297,37
20436,18
22105,8
21050,47
12767,9
5552,186
506,9
26064,10
18845,29
24856,33
25072,77
17035,10
6752,19
10765,9
18976,22
8162,18
17784,23
12820,15
20253,52
25652,13
25812,9
11699,4
13074,8
20954,7
25851,2
14202,2
20661,2
14421,2
4622,2
18747,2
11841,2
24168,3
16750,2
2484,2
8157,2
15869,2
24187,76
8880,75
26417,111
2344,75
11720,78
18320,40
22536,19
14060,8
2233,36
10197,29
13377,18
3456,78
24181,32
22942,9
20973,9
2369,7
20946,76
24296,52
5991,18
16290,21
17315,70
17003,32
15613,30
22183,41
8143,13
12884,17
21681,19
18098,8
1315,10
16657,26
17812,9
17273,26
18127,27
23791,2
5794,1
16904,6
5828,5
16521,4
7836,5
2867,1
26342,3
23396,2
9557,2
22347,3
25,1
20069,1
16269,2
24527,2
19300,18
8405,75
19807,7
3094,60
2600,8
1201,14
9976,34
11256,7
17850,7
24846,75
24790,18
5119,8
7917,9
11105,73
6072,9
24901,75
21939,54
8615,7
3943,9
18209,9
25031,78
11583,33
11358,9
23850,9
11710,4
23661,40
15319,15
8009,9
21371,30
15493,3
25090,1
12414,2
21197,2
21737,2
22062,1
17245,1
19242,1
23460,8
21320,68
9244,30
23342,68
19967,14
21224,8
13770,80
12098,42
26369,16
5013,39
22562,77
1355,10
22872,13
1028,76
24551,77
8094,29
19255,17
25377,10
16677,27
13100,21
4655,17
3144,17
827,76
10028,24
17298,15
3103,30
12615,17
8364,76
16420,15
6635,6
3018,6
23004,5
17527,8
15074,3
17709,2
22306,2
22769,2
4746,2
3734,2
18343,2
1828,2
3476,2
2245,3
20823,2
21291,2
4914,2
18561,2
23558,2
297,3
21173,1
5212,73
24324,24
5100,8
25973,52
8066,76
7366,79
18716,19
6589,13
9737,29
20068,25
3109,8
24040,41
25068,29
7331,8
23971,80
5239,29
18754,38
24687,46
18685,15
2672,12
17879,16
17066,14
10274,76
16579,8
23537,13
3410,8
16160,27
20460,21
22752,6
3322,7
21517,3
14679,3
20104,6
12674,2
21561,2
16878,2
9908,2
17326,2
24678,2
44,2
24159,2
14638,2
7599,2
156,2
14294,2
24108,2
963,75
2748,40
20919,75
5846,71
13691,8
24228,7
3375,11
24441,36
17565,31
4822,15
4990,17
985,8
9193,23
6854,59
11040,22
20893,8
24312,80
10551,77
8778,76
19874,37
4824,76
2679,9
830,15
15847,51
14018,18
1606,23
23432,17
20115,12
24880,29
2910,2
1140,7
4920,7
3431,2
7483,4
5909,5
20073,1
13424,2
23818,2
10585,2
1714,2
4055,2
5365,2
3122,2
23719,2
5920,2
21898,2
176,2
144,2
25572,2
21469,2
22328,2
13843,2
4051,2
12203,1
14750,1
7073,1
1513,28
26065,36
25776,57
9695,84
23039,43
11034,12
10756,28
7864,9
16001,8
6228,24
16257,9
15315,17
7422,16
10798,76
6356,33
6879,53
19805,76
11297,15
25317,19
20167,68
6847,44
2395,8
13822,5
2716,7
11705,4
11164,5
1700,1
7640,2
9918,2
9204,2
24966,2
19673,2
4000,2
21863,2
12825,2
14104,2
22411,2
1206,1
4669,1
21227,2
25299,2
18595,75
19029,53
25253,75
8470,80
26718,33
26675,81
24745,71
10957,8
20105,8
18534,9
20113,23
20758,36
5514,54
11613,43
8080,8
12101,15
23454,55
2215,29
24308,76
3204,77
21504,23
19129,6
16213,30
4483,8
24624,31
10962,29
23996,20
3766,28
13197,76
115,18
13254,76
25559,30
6337,7
20929,7
20866,4
23069,6
22140,3
15520,3
23265,2
1326,3
8638,3
9393,2
21212,2
14007,1
20035,2
8114,2
5410,2
15278,2
20050,2
10995,1
26381,1
9690,2
9122,4
3471,10
14174,1
16945,76
638,66
17920,27
23288,17
2713,9
15577,18
15743,77
8140,5
1199,6
755,7
7474,75
24104,14
8473,8
16993,8
23056,9
8253,76
8949,28
17822,9
24556,4
13741,24
6603,32
2692,34
1033,17
12812,31
16197,41
13349,37
25672,73
2619,15
2824,10
1815,16
25388,30
193,51
22079,15
7552,5
6683,1
10762,3
22635,4
22093,2
12298,2
1393,2
23858,2
14055,2
10916,2
11891,2
7736,2
3147,2
16150,1
25451,4
12214,1
1547,75
13946,74
18095,76
13645,9
16383,77
25327,74
17701,14
23853,68
7250,71
3530,9
23392,48
1742,77
11618,70
10793,27
16030,10
14962,76
9593,12
24756,29
7297,15
19450,70
14956,47
10485,77
26478,13
3537,39
18719,61
25259,27
1604,78
25643,2
7615,5
23051,5
4619,2
14755,1
15379,2
22544,3
21068,2
25523,2
3961,2
12189,2
18837,2
26518,3
8811,2
22031,2
2890,2
11516,1
23697,1
14937,3
12485,77
3001,28
18461,67
8004,68
15276,77
19695,8
25082,8
2998,35
17140,18
14941,10
6198,9
2261,73
25877,33
14985,76
9488,18
10182,82
17240,76
965,27
14718,64
20386,39
12063,29
9194,28
8467,9
15609,65
10293,19
12791,48
14274,33
17891,18
12019,10
4760,14
9898,2
5620,5
3398,6
20618,4
1723,2
21995,9
852,2
22830,2
21676,2
10795,2
17798,1
9873,102
2177,12
4778,75
2025,16
21721,79
12658,13
22094,35
21418,8
17065,64
18645,16
10785,9
18418,72
19564,74
12706,31
3971,23
2134,59
4462,37
6117,17
24484,11
13641,29
2181,8
5568,6
6990,9
10813,4
19370,3
13301,1
25586,15
3519,5
22037,2
18958,2
10786,2
21943,2
9000,2
21217,2
12770,2
5971,2
23972,2
14162,3
8073,2
19693,2
23239,2
3334,2
11649,2
16507,1
23126,1
7111,1
14599,54
3222,75
15462,50
16509,34
16747,8
15566,31
4962,6
15147,19
18435,8
13856,30
1018,9
24234,18
13199,10
25604,12
13659,19
5394,17
25942,56
3643,81
3755,10
20276,40
18006,29
22911,11
5121,31
6607,20
25558,10
20787,76
7999,7
4683,2
9936,5
13748,3
24243,2
8091,2
9306,2
26014,2
7760,2
16296,2
19159,2
12717,2
13816,2
23976,2
5508,2
18550,2
21993,2
14292,3
12146,3
11267,1
1879,1
17984,1
19739,28
4406,70
9199,49
231,35
17642,76
8247,47
6719,14
24450,17
8101,53
17441,8
3840,76
3318,55
8757,75
9136,53
15818,12
6562,76
4288,69
7089,16
19978,29
19265,15
14569,39
20138,9
2523,22
26020,68
4610,77
22852,45
18300,19
3270,31
4353,8
6974,55
834,9
11552,20
12096,2
24600,5
14703,3
15356,1
13709,1
450,3
19829,4
17575,2
11723,2
26749,2
9010,2
8679,2
2356,2
26728,2
2922,2
6947,2
4108,2
25393,2
1558,2
7484,80
7596,73
21790,72
19075,35
16499,76
16403,16
10373,61
10928,72
294,30
1950,8
7230,77
9802,8
8637,14
12951,30
12082,18
8802,30
14714,32
19903,71
2176,35
15653,61
12511,8
7964,35
23511,14
18371,14
16455,17
6162,65
8051,7
10541,76
11688,77
4636,19
14682,10
18396,8
4172,76
11217,41
9362,12
16190,30
10066,23
11413,30
22759,5
18640,1
19962,3
23601,3
26783,2
8746,3
17299,2
4381,2
6253,2
23176,2
660,2
25804,2
13183,2
4023,1
2643,2
19145,2
23423,1
9532,1
24137,5
16920,8
3258,66
17454,67
3034,65
576,74
8648,77
15620,10
3158,75
21567,35
19904,18
19260,16
9507,28
2650,74
22382,53
8976,76
9315,48
4678,8
26734,17
11731,77
482,13
14205,25
7979,76
10945,8
13478,51
11614,9
18156,21
13827,9
10612,30
26169,76
19491,16
968,29
1997,9
22163,20
16614,13
11022,2
13202,7
14251,7
21085,13
15805,4
25405,49
24365,3
108,2
18282,2
5370,2
18948,2
26344,2
11070,2
16311,2
18856,3
3704,2
3190,2
11432,1
1077,2
16716,2
10939,1
16239,1
26183,1
24057,9
7767,75
13730,77
2279,7
24381,35
21825,15
16276,19
21318,32
4855,8
7557,7
9055,79
21091,26
26291,7
5585,75
17068,51
7622,71
19621,9
4361,36
25314,60
4568,9
605,72
20146,74
23933,7
22975,14
4917,7
13203,15
12147,39
17813,19
13087,29
7346,72
7608,84
20575,65
16216,8
12169,29
13302,7
25948,12
2119,6
16656,4
16544,4
13086,1
14172,2
12557,2
17292,2
17203,2
22060,2
2586,3
6113,2
23588,2
8519,2
6580,10
26766,1
13803,76
12882,46
14245,57
5882,87
6642,18
25136,77
10712,37
6933,19
21585,8
23215,23
21442,17
19326,8
16908,11
22502,30
22023,55
16163,9
12851,32
14850,8
10313,9
25452,7
2511,9
5174,41
12995,10
16947,19
4122,17
14365,13
7184,73
7522,9
16588,15
3531,30
23301,24
461,42
816,16
19619,13
26451,7
1583,3
13259,1
4089,2
10602,4
4783,2
12520,2
1708,2
5779,2
13940,2
8415,2
3135,1
949,1
9123,26
17252,84
11497,63
4732,7
11347,26
23781,72
11959,15
20816,6
12905,22
22580,75
4996,8
9365,66
6335,45
19588,18
9872,32
9102,28
21774,15
16975,27
11444,77
21505,53
19374,10
7148,36
9387,29
1886,78
16116,14
21719,10
3843,44
16969,9
22499,8
1591,5
15510,28
16293,2
2918,2
394,2
10516,2
25630,2
25621,2
23804,2
2175,2
23467,2
3668,2
21753,2
2043,1
8565,1
21506,1
17308,1
22399,1
19647,1
19541,8
26777,73
11337,75
19115,75
22419,51
17109,29
6893,75
25100,41
1248,71
14148,19
10036,41
21251,7
10839,18
18366,43
21767,28
15735,84
1264,19
3900,17
2007,15
5278,9
17358,9
18937,26
2457,20
1122,7
6861,9
3813,31
8131,31
1628,9
437,76
5777,39
9757,29
8484,8
14673,11
22040,8
5638,23
15971,13
3009,65
22720,33
2743,1
9629,7
1239,8
5476,2
13555,4
20087,5
19066,5
22815,1
20444,2
17968,5
5088,3
17494,2
3085,2
22435,2
10320,2
15937,2
15028,3
16280,2
13316,30
21655,2
26418,2
1363,2
6496,77
10301,9
2589,27
16702,7
1561,72
15767,76
14712,74
19322,74
9355,9
12872,19
14766,22
12416,41
20319,77
7713,13
9092,10
3253,12
18100,9
12528,29
26229,21
9135,73
14423,9
4090,77
13737,78
8489,9
21986,9
13653,18
9704,11
15891,18
10690,9
13269,76
1080,8
18597,77
22886,27
10907,2
5381,6
8204,5
21203,4
24625,2
7203,1
10453,2
6749,2
7173,1
18654,2
616,1
25374,2
21356,2
7859,2
11686,2
2240,2
12446,1
25596,1
24428,1
9294,1
5146,2
18616,2
18234,10
8783,8
20013,76
23369,34
10356,71
17126,8
18121,7
2050,37
26120,67
17496,33
23421,27
5785,8
10665,15
3815,8
22091,76
23428,71
9697,7
19771,9
10100,18
14454,98
23667,18
19755,107
399,75
15930,77
14914,9
14314,12
26189,15
15542,81
6272,53
1146,28
19033,9
865,25
5075,9
6157,6
2212,6
665,3
8750,3
12889,1
1096,3
18906,14
20027,2
19446,2
16219,2
23909,1
17112,1
17029,2
14389,2
673,2
14094,2
14727,2
13271,2
2919,2
18960,2
19734,2
16984,1
3616,1
17586,2
8984,3
13811,66
11814,75
22016,75
1163,35
4214,12
22218,8
17816,76
9694,23
9065,74
1560,8
16183,23
20982,76
1123,17
20676,31
25124,30
14971,19
18471,15
14699,121
13068,7
14743,27
24888,51
14144,76
2577,32
4081,9
9491,49
2614,9
5560,80
24699,29
1702,77
15996,8
18173,10
7225,9
17425,9
3612,5
26649,2
7082,4
1983,2
21921,2
21680,2
8384,2
11530,2
4612,2
15906,2
22412,1
16229,2
3657,1
7359,3
22634,40
350,11
13365,76
5646,7
13598,79
18703,78
8277,11
12398,18
9503,28
16967,12
21555,16
12178,71
18404,43
12426,76
3906,29
26289,16
21239,15
23491,19
20506,9
26201,70
10139,9
17468,9
24935,70
708,25
4391,69
6487,10
11903,28
25916,76
23967,19
14945,2
18995,38
4092,51
13320,9
17922,27
3589,41
778,52
9218,2
13905,7
3257,3
9779,2
622,2
23307,2
682,2
20303,1
20683,2
21106,2
5908,2
1744,2
23017,2
11936,2
2986,2
25419,4
6187,2
9037,2
5687,1
5947,1
14999,1
11786,1
18278,2
22068,2
4875,75
16394,18
759,30
25179,99
18325,61
15057,40
3557,20
10568,30
8855,39
10479,76
10779,19
15495,38
8853,36
10989,20
25710,8
25878,40
12382,77
23277,18
15788,29
15473,9
17078,23
19643,29
14651,6
5237,30
1594,45
12928,33
23103,18
7409,17
19743,13
14196,40
20928,19
24028,29
21695,13
2266,2
16609,5
5344,1
17345,3
6674,2
8062,2
8048,2
11906,2
19911,2
9705,2
1179,1
16313,1
8664,1
16497,1
15447,65
23951,32
15717,20
12121,32
14169,28
22538,13
8770,8
20314,21
3965,16
21820,29
12388,16
5357,17
13040,15
1183,10
18997,77
5438,49
24106,76
4185,9
12601,9
26357,51
23717,15
8096,27
679,27
25356,27
10982,8
5970,45
3673,17
22824,9
24121,30
23440,35
16350,29
24466,9
21088,9
23449,8
10915,25
958,28
18148,44
7178,25
555,6
10298,4
11909,3
4017,3
20548,7
4772,2
16173,2
8192,2
14524,2
14621,1
2736,2
25682,2
1479,2
6836,1
4454,2
21172,1
3533,2
21666,1
1162,8
26103,2
26763,75
24154,76
25274,76
23014,14
15009,25
6646,70
13607,75
9711,18
22820,16
7751,8
23216,17
10925,78
24685,19
17210,18
8866,77
18689,19
23775,8
1126,12
1672,8
5375,13
12458,20
9331,15
9029,16
8905,55
11354,35
22672,30
6462,32
15102,38
26055,76
25380,29
5175,5
11551,3
20163,1
19026,1
18821,2
23426,4
277,2
9641,2
18194,2
25036,2
19789,2
17648,2
10753,1
23503,2
11669,2
14544,2
10774,2
6383,2
18932,1
8252,1
6018,1
23682,1
8986,2
8738,74
12020,76
8320,75
2813,9
17792,25
17113,23
6633,5
4625,8
1622,33
3857,58
25282,19
6696,9
24553,75
24816,9
7258,36
7647,8
25184,24
5341,62
23309,83
2836,76
17764,75
4299,74
23770,41
687,9
10751,15
13766,81
5455,16
5098,6
19195,4
21460,2
15256,2
19349,2
10101,2
18604,2
12934,2
21358,2
19135,2
19209,2
21620,1
15923,1
3455,1
10833,1
2446,72
26694,29
9566,32
2433,53
3717,37
20485,30
9317,8
12639,9
26740,71
1599,38
13019,49
21793,16
26128,9
5125,20
6165,16
519,29
4011,23
9986,10
13280,78
18738,12
13743,79
25632,76
1173,82
22463,86
1612,35
15777,16
13739,62
12436,16
8032,7
16502,17
4873,13
178,76
13912,15
17756,9
12087,19
7493,76
8646,77
12411,36
24156,22
22488,31
12325,2
4252,6
4787,5
13682,4
10608,5
20753,2
6302,2
2681,2
6377,2
19615,2
22926,3
2804,2
12567,2
23028,2
3367,2
15669,2
24537,2
19738,1
26548,1
24859,76
6370,75
22876,76
12815,14
23665,68
26141,12
22882,24
14785,8
21162,39
6973,34
24335,36
1914,76
16073,8
4367,9
10024,29
6815,34
26216,9
22333,79
20932,12
13894,23
13982,17
20841,46
17411,1
16879,6
11295,3
18323,4
9203,3
10213,2
5915,2
23685,2
19228,2
17557,3
1186,2
16112,1
21554,1
259,1
4957,1
13908,14
25149,1
22017,8
12739,36
16919,26
7571,8
12593,10
6274,40
833,12
26655,8
19912,37
10781,14
6828,81
6519,19
20570,33
13049,9
15491,8
8981,25
8117,78
19719,69
17915,27
14466,79
7454,19
20392,16
17407,16
23091,9
24954,12
19531,75
12616,27
11662,17
7074,9
21215,2
14209,4
22369,4
23009,4
9879,1
11425,2
23880,1
13173,2
2912,2
24682,2
25629,2
14447,2
21899,2
19993,2
6598,1
17726,1
17316,27
18796,2
1430,2
17874,75
2133,10
8784,28
3229,34
243,8
23916,9
17053,34
9419,7
148,15
4909,8
8726,77
26617,85
19987,7
21637,9
7081,79
643,76
5445,17
8118,32
19490,19
26276,20
16235,9
10235,17
11059,77
19847,8
6547,74
3968,74
14239,25
2141,29
2450,9
19366,7
11294,1
26151,5
240,5
23623,2
17447,4
20509,1
18904,4
20778,2
2592,2
20357,2
19497,1
2541,2
19439,3
2837,2
11160,2
17001,2
24728,2
10176,2
23994,2
11127,2
20190,2
12440,3
15876,2
6053,9
11434,14
2125,31
5111,68
17656,75
1531,14
16300,75
783,75
21465,23
26765,12
3834,76
16164,8
5932,24
11211,20
24533,29
10025,52
13915,28
19581,28
2984,18
12234,20
15317,22
11815,25
20859,8
2383,33
25614,77
18662,15
20176,72
11234,23
239,6
17894,6
16631,7
2186,2
1643,2
7940,2
19208,2
18205,3
97,2
5005,2
15231,1
15592,2
867,2
3897,2
8755,1
1602,28
5843,22
2858,75
5798,76
18697,14
589,83
20681,75
23655,9
10081,29
5962,75
4068,8
1221,28
3822,7
5987,28
25236,14
6432,30
14457,85
11397,9
14207,45
22987,75
25506,22
23524,66
6174,65
26057,20
23634,52
4903,79
1575,9
8465,12
812,52
26249,9
316,13
24617,78
10439,30
14436,10
427,7
13970,3
21727,2
5511,2
25768,2
20430,2
7200,2
19392,2
22240,2
20476,2
1081,2
5652,2
6644,2
26759,2
21563,2
3234,2
18341,3
8982,26
15437,2
23077,28
16745,11
10318,78
4516,81
811,75
20448,40
26742,32
1869,8
5201,15
26372,41
20225,98
4283,68
17357,12
2879,41
3697,23
12822,9
12491,38
22729,29
67,30
4149,9
18664,14
10496,9
20128,23
2876,9
14754,2
23487,4
13699,7
25026,7
2445,3
17931,6
13361,2
25454,2
20657,2
21521,5
22400,2
6748,2
6014,2
18011,2
22119,1
15334,1
8063,39
1534,75
1715,76
23330,78
14178,20
16647,24
407,52
1406,8
25890,76
12776,8
14791,32
19447,37
12001,9
838,25
17653,64
4654,78
9613,76
2528,24
6470,22
1034,23
19573,77
24119,9
21508,50
20235,9
21917,52
4965,92
26432,9
7705,8
4950,71
7604,2
1169,3
15451,2
16598,7
4359,7
14932,4
15354,2
15708,5
1174,2
21094,2
22359,2
25212,2
22803,3
1813,2
11322,2
17559,2
23811,1
15377,1
18153,1
23727,1
23348,21
2617,18
14753,28
5689,8
24393,7
20658,38
17234,8
20018,7
22310,75
16427,33
25150,12
922,7
17840,26
26386,8
17324,27
24286,8
13802,12
20862,16
7030,9
10029,77
12232,26
11188,13
5431,8
10265,79
26218,8
15303,9
11348,33
25562,9
13781,17
20331,9
20517,19
20525,30
16701,30
16847,4
8554,3
7088,3
11008,5
15067,2
9334,2
3016,2
16882,1
22925,2
21583,2
4684,2
10535,2
1732,2
6975,2
18505,2
26719,67
12124,15
22520,14
14136,75
6056,36
3841,28
25944,76
6587,8
21813,30
9678,21
19492,19
26779,76
23131,70
1447,76
564,14
11340,35
849,5
1944,27
23896,8
25033,63
23857,8
12309,29
16835,19
4984,64
16883,76
21234,24
12661,69
12644,13
10537,7
322,4
7881,2
13668,4
20855,4
1727,2
6017,3
15896,2
24425,2
12375,2
1048,2
15079,2
26365,2
25443,2
18589,2
15900,1
3123,2
24298,2
17626,2
5564,1
18672,2
9860,1
648,1
777,2
15059,50
12116,75
25497,8
1155,71
4907,75
2546,9
22798,7
17157,17
25208,30
15997,24
3308,13
25330,41
2855,58
5050,20
21734,44
9198,77
6590,15
13918,81
13172,77
10780,48
12157,26
21226,11
12625,17
893,30
490,20
3041,7
25943,36
25722,2
2418,4
3231,3
13390,2
6774,2
3150,2
25661,3
17381,2
1368,2
6184,1
11312,3
25795,1
4326,76
10672,77
22329,75
15068,79
26352,27
19248,8
14467,8
5949,14
8529,77
14658,28
11951,15
10951,7
4453,10
16761,73
9286,72
20011,79
21120,77
17116,71
22871,8
15464,11
8877,21
2184,65
1011,8
19617,36
14216,29
336,32
11790,17
12726,15
24185,11
1826,20
15149,2
20670,6
16102,6
313,7
701,7
12396,4
12366,4
1194,1
25873,3
14078,2
9482,2
3703,2
13819,2
22109,2
444,1
10159,3
19238,2
6654,2
7514,2
2147,2
15371,2
7558,1
20044,1
12581,2
7127,2
24231,2
20602,47
16082,8
19942,15
13861,9
1495,8
23169,18
22453,77
13590,76
19354,32
7294,76
1467,23
7665,31
3088,25
12256,52
10895,14
15943,74
5347,8
11894,13
26689,34
13848,20
16056,78
23939,29
9601,30
12100,78
19313,9
24219,8
5166,10
19386,6
2829,4
4340,3
25808,4
10106,4
26109,15
24003,3
20579,2
4129,2
17048,2
11416,2
18294,3
24903,2
11960,2
15247,1
19674,1
10161,2
10302,4
24568,2
15596,69
14692,78
21196,77
18670,8
22861,17
12377,18
26113,76
22465,6
11752,20
10276,73
16397,52
13064,25
781,8
25544,36
7270,22
1867,41
11412,7
13526,52
2753,75
5242,64
7158,9
17867,29
10225,47
1752,79
14453,77
21857,16
16138,16
18876,40
8207,28
11292,29
19061,19
15962,9
509,9
4451,50
21029,8
24173,10
26033,67
9760,13
17501,76
4351,6
11013,2
24329,3
1653,2
13500,2
7692,2
24925,2
24007,2
23691,1
9574,2
14713,2
2549,2
13829,2
32,3
8335,2
8075,2
8508,1
4134,1
5685,1
10102,1
14863,1
624,1
20555,75
5301,75
21597,8
16029,15
15311,28
24686,30
4620,30
19801,28
3831,75
14456,15
23808,29
2565,15
8422,9
16004,12
21503,76
299,17
3011,18
8201,81
23290,17
7008,9
14068,70
3986,29
26208,8
14580,9
26307,8
5533,9
3275,4
6913,3
24032,2
11156,2
20439,1
3706,3
17580,2
14848,2
780,2
23958,2
13003,2
14551,2
152,2
17485,1
24047,10
5534,29
25811,72
19864,69
15760,59
7001,14
6818,19
12165,8
12231,10
24576,28
20887,28
24809,72
10144,75
23308,18
7809,9
20884,12
23591,9
18666,35
12980,79
8863,76
16528,84
14143,80
20771,4
25789,31
25411,29
4034,9
25995,7
7465,5
10446,4
9004,2
1015,2
9938,2
4515,2
25181,2
1484,2
3146,2
25608,2
6960,1
24648,2
14762,2
18579,2
12084,3
11363,1
803,3
4585,78
1024,17
4230,8
3467,14
899,75
1937,24
14927,25
14102,3
4328,76
5253,9
7768,76
14670,8
20358,18
24195,34
8919,75
16199,5
23370,30
18877,28
25504,6
25219,9
17579,17
16737,9
1150,13
2331,28
13486,34
15736,78
793,15
4025,13
16662,14
16013,11
2697,75
149,77
1778,5
12077,4
24768,4
19826,1
24731,2
3341,1
15842,2
13708,2
14025,3
14213,2
5122,2
13897,1
16665,2
25170,1
3730,1
15399,1
10312,1
8665,2
26322,57
8018,28
22771,7
10334,71
13674,75
1780,14
3694,74
26702,65
3948,36
15264,51
16078,75
14575,32
8973,41
11392,28
6454,12
10325,10
3387,24
13176,75
20288,31
6977,9
8616,79
25745,9
12686,21
4939,80
11076,28
16720,10
12027,79
23905,35
9850,76
11323,9
10130,20
26060,45
14017,16
3411,17
1859,36
10806,5
774,2
22837,7
13422,4
5626,5
25223,1
22223,2
11132,2
4274,1
22188,2
6065,2
15189,2
3442,2
24802,2
550,2
5917,2
22610,2
3632,3
10506,2
6873,2
11093,2
11159,1
23830,2
1168,1
4211,2
5876,1
12233,5
6416,75
12201,75
19960,77
22944,50
15196,12
19011,23
11640,76
10383,43
8015,3
19101,9
1948,77
11873,77
22390,74
15188,16
12671,74
12473,46
8537,77
20004,71
15329,21
19528,32
17224,34
4048,8
13062,15
2285,9
12773,29
6022,9
23436,8
17028,19
10659,6
17581,7
19687,5
2830,3
2345,2
10715,2
1376,2
11821,2
1065,2
10590,2
8602,2
8028,2
26467,1
1281,3
24737,1
22750,1
14260,1
23618,1
20584,1
24555,11
17306,1
1342,28
21533,29
8086,28
15025,71
21458,61
551,12
11483,11
20499,15
4083,75
24819,9
9741,22
14258,65
20091,41
2455,27
26507,74
5488,15
18965,14
23314,31
19781,10
2556,15
1088,72
13953,20
4354,15
8297,8
7471,8
17633,9
10353,8
22284,10
12799,8
20873,2
13623,5
8555,2
5288,2
19179,2
3964,2
12376,2
10892,2
12365,2
24065,2
20732,2
21135,2
20404,1
7913,1
681,75
18409,15
769,16
18073,32
12249,9
18457,30
11996,8
8435,8
25758,31
10783,12
19836,71
22353,27
472,33
21266,29
24572,14
6073,72
23940,58
24236,21
23411,29
8748,78
3180,74
19288,68
2634,80
9826,71
13585,15
17624,20
16990,76
25089,19
16438,6
1986,68
9287,16
7851,13
16115,9
16623,27
6199,9
3124,5
22117,2
23485,4
15011,2
21577,3
26090,3
16963,3
22259,4
24842,2
10343,2
9277,2
4303,2
13646,2
12878,2
6450,2
9236,2
4705,1
13734,1
21427,8
5124,2
13207,2
6640,28
24058,72
1811,79
8785,7
16551,7
3440,24
14234,6
24474,28
8264,18
26411,9
8930,22
24619,8
1031,8
5141,8
25440,17
23473,8
19943,24
4544,76
14264,77
4320,76
12269,55
22332,15
22651,8
3621,29
2894,9
6726,14
20144,10
3445,32
8722,23
7442,31
7835,2
5702,5
12153,5
11854,25
23257,3
4164,3
19373,2
21739,2
13947,2
14706,2
10013,2
13314,2
7199,2
22173,4
18046,2
2850,1
4033,3
26685,3
21326,34
13939,31
3423,74
7234,60
6515,8
5404,17
18048,6
1843,49
15750,83
3651,76
22069,47
7636,8
15358,72
16151,24
14278,18
18983,16
9570,9
1801,8
16977,9
22451,9
7611,9
2219,33
3825,38
15979,40
10072,9
2388,10
5214,4
5074,5
15386,2
20566,2
12689,2
10409,2
4936,2
9271,2
8199,2
10708,2
4433,3
26015,3
16321,2
5315,2
13163,1
2938,1
26612,1
25232,1
11782,1
19969,2
8531,1
18368,2
15208,51
18924,75
5113,8
24124,12
17218,30
15243,33
16987,9
10596,19
15893,9
4572,36
8652,13
766,29
14306,8
23559,14
7823,9
21972,10
16833,7
11300,9
21856,15
19671,39
4634,52
8771,56
9804,76
11225,29
14871,17
11954,30
21486,48
6649,17
3866,7
1474,5
13386,5
5154,5
25453,22
10231,3
12367,2
357,2
12871,2
10431,2
6285,1
14334,2
4105,2
19167,2
9659,2
8826,2
12563,2
18516,2
463,2
11937,2
20652,1
11321,2
24113,3
25777,2
21037,32
13800,54
9303,7
8729,75
4259,18
5980,46
11941,8
16775,78
17705,73
11964,26
14935,14
14054,66
4350,19
13666,77
4774,76
18529,76
7238,9
14648,36
3096,11
15580,40
24671,13
4087,29
26040,11
16312,7
10556,5
26042,5
12596,3
9036,2
4831,2
23640,2
21822,3
19667,2
5606,2
2652,2
15035,2
9321,2
7678,2
23598,1
9186,3
24172,2
21329,1
6619,1
10667,44
16718,75
127,8
7580,7
23986,46
6716,8
14099,19
24217,79
7180,84
14928,13
11876,13
713,77
20950,9
13114,17
25752,9
17510,15
3425,29
23034,25
2474,17
16046,15
19509,23
3345,15
13165,16
24075,15
13058,9
6323,5
12673,4
21530,1
8079,2
6532,2
25720,2
22213,2
20015,2
12070,2
11010,2
24023,2
2891,2
10098,2
2508,2
17960,1
23324,1
24932,8
17424,16
13697,10
4826,26
23508,79
5327,7
25338,76
24808,82
18571,68
14533,17
7504,66
2567,77
10275,9
11848,51
2197,76
3675,31
13452,29
23153,9
2368,15
1423,9
4519,4
26231,13
26297,33
3556,15
295,19
26293,9
6689,23
23963,29
17589,32
10860,61
22780,6
18208,4
2909,4
1806,8
1894,4
9219,2
768,2
3254,2
20769,2
23954,2
4174,2
397,2
4004,2
14501,2
25819,2
18485,1
23358,1
763,1
10108,12
1009,8
13504,68
12079,39
22645,37
25712,16
24076,72
10848,34
18524,15
9095,75
10120,65
420,10
9173,38
14092,9
14514,9
17974,36
4751,54
11915,32
19798,51
19657,68
15678,76
14995,10
18519,29
13166,4
17933,2
4393,6
18852,4
5229,4
13268,5
22991,5
23712,2
1295,1
2476,2
16262,2
23874,2
18760,2
7016,2
5083,2
21574,46
7783,75
7996,71
21167,28
20885,75
13355,9
8622,64
19448,15
15742,7
18000,72
18819,31
26641,36
19158,28
11301,20
11997,6
18363,9
3450,49
10053,61
15924,24
19703,15
26441,76
21281,77
9516,85
12352,20
13206,20
14494,36
20691,6
14131,29
16948,35
19850,76
2104,16
17554,8
26170,9
26623,12
3990,76
20634,33
10020,16
19154,75
23341,32
7033,16
26476,28
17429,3
2332,6
20700,7
17939,4
6710,4
4978,5
8609,5
22622,7
5609,4
24272,2
5605,2
4250,2
2721,2
26404,2
21374,2
37,2
15725,1
7501,1
3969,50
16318,75
14279,77
1328,31
3488,30
6006,7
6539,15
18964,13
1516,28
19481,8
10910,8
21156,35
20725,31
9787,17
20896,35
25830,7
19704,23
14490,28
11793,11
20775,5
9535,4
6163,5
23566,38
18526,4
12011,2
14155,2
4386,2
20400,2
9208,2
19650,3
552,3
8542,2
22624,2
6979,2
11009,2
10399,2
1036,2
25493,1
8538,76
11453,75
23772,80
14550,32
2853,11
6153,76
10090,78
25984,75
16910,37
49,8
25931,76
17856,25
1675,34
17771,8
10935,30
1979,16
24650,29
17056,12
21084,21
9786,14
25715,66
17603,69
9554,75
2124,78
25085,24
6110,30
19634,76
9925,29
20495,16
12018,10
12353,8
22908,10
15872,80
24800,13
8787,12
4844,4
6783,2
25083,2
25760,2
25980,1
25277,2
24871,2
9180,2
16128,8
21869,2
23557,2
12731,2
20994,2
15340,2
18955,2
2030,2
12108,2
26634,1
2978,1
18255,75
21218,75
24230,79
15859,30
6827,78
2047,6
4210,35
13487,29
23569,8
6808,18
19853,76
8275,1
16886,45
23095,76
13588,19
19251,9
14048,15
2229,77
4123,16
20829,5
24893,8
4425,23
22549,9
25000,76
15244,17
12897,16
698,16
12422,10
13513,2
21279,3
16785,29
255,2
2490,3
11115,2
19055,2
1661,2
22727,1
14840,18
19511,9
395,76
20475,48
909,71
15940,32
13032,18
15452,67
3384,28
16436,28
19308,76
22373,9
23706,26
17952,31
275,77
26124,18
22738,40
13154,33
16330,29
14688,23
25659,72
3303,21
13250,36
5565,15
3129,27
6326,27
5850,3
15763,5
9285,1
20245,4
16815,2
24764,2
5587,2
25360,2
12517,2
23497,2
26221,2
2923,2
4591,2
3067,2
24095,3
23825,2
25045,2
8065,2
11512,2
17329,2
16676,2
13917,1
25613,6
18687,2
22362,2
9101,2
19586,11
14593,31
6202,23
12439,6
1481,8
7512,35
25022,23
20721,62
26299,19
17646,5
23599,28
3516,85
2314,31
5633,85
11462,76
6634,9
4339,9
1838,19
23829,74
11441,32
19090,33
25988,78
21511,16
21403,25
3779,27
969,27
18863,76
6940,15
25339,72
21142,9
21003,76
20220,30
16022,2
19753,1
25577,2
22642,2
25843,2
22778,4
25220,3
21550,2
7265,2
22472,3
18261,2
5918,1
10074,2
3481,1
5206,1
9774,59
25603,51
6479,10
732,46
25306,67
11025,76
10434,29
9476,79
1401,9
18237,82
7303,7
21426,33
4687,12
26769,33
17300,14
7026,14
4956,7
4648,9
22461,29
17595,13
19928,50
19034,93
17133,29
6424,5
3844,9
12127,10
13556,19
23718,9
17872,9
1258,41
6503,14
12950,29
24974,19
16132,58
7116,2
911,89
26607,16
7092,28
12798,11
11103,74
23943,17
5806,2
13474,2
9981,2
7063,1
26051,2
25841,2
16746,2
5019,2
23472,2
15232,2
22450,2
22869,2
17721,2
15927,2
4662,1
19520,2
23812,2
10070,2
13466,2
22960,2
19202,2
5800,2
5262,1
6183,142
1327,35
7266,60
15144,5
11542,78
9097,75
4692,14
24769,8
16317,8
22577,57
15199,5
1284,34
9224,25
24123,87
16613,10
5650,9
25065,13
15045,13
18495,14
21706,43
13876,77
5354,9
8242,27
16305,28
19663,11
7421,68
26583,40
934,11
12385,76
23635,74
16825,13
63,8
25346,76
9338,7
10889,8
11382,30
26114,5
9100,7
11356,2
13475,2
14996,1
20963,3
26167,3
18980,2
24727,2
3474,2
15326,2
24408,2
13490,2
11580,2
13353,1
24957,34
25201,9
18365,21
8169,28
9749,40
13494,50
22833,97
22219,69
7952,73
1067,77
23840,76
1343,6
22903,21
22939,9
752,87
4028,16
4181,36
21910,13
2320,12
3510,24
6250,10
14820,30
13751,16
8441,2
23018,2
4043,2
17651,2
7951,2
225,3
1552,2
22518,2
1912,2
15030,2
16692,1
26213,9
4645,37
5743,12
16766,9
21904,75
10018,75
20277,34
11538,30
11825,2
5373,76
1736,73
21988,19
6997,88
8458,36
11101,33
10418,9
10188,13
20447,60
15142,3
3424,4
1415,7
20794,4
24161,5
15985,4
24645,1
14402,2
14347,1
19232,2
26052,2
14332,2
3205,2
26146,2
20330,2
11087,2
17392,2
8717,1
5796,1
580,1
16791,67
16957,76
4673,75
25654,76
13855,75
15661,77
22551,8
24253,9
18872,37
12901,9
15416,7
1270,14
10155,31
18245,76
23305,20
4578,94
22150,80
26254,15
25196,18
12846,8
20487,50
5393,13
18660,6
21284,5
12072,11
11445,61
18060,6
8296,9
15355,9
18317,17
4168,72
24644,9
25365,3
19293,2
12522,2
15761,2
6822,2
12483,2
8695,3
1632,2
7802,2
17943,2
121,4
22938,2
1386,2
2706,2
22238,3
1574,2
2878,2
8624,75
16384,26
17858,14
5661,75
16821,76
25750,75
25569,75
18017,41
11568,33
689,5
13783,9
4500,8
9132,16
12248,12
39,77
9340,8
11436,72
6331,26
20340,8
19413,76
21702,24
25560,76
3784,77
15537,80
26457,42
19152,12
7871,20
20961,51
4220,42
11073,16
16409,17
21388,14
10123,13
6010,30
12745,55
22321,9
9567,4
1949,5
22371,2
3839,2
5825,3
10898,2
26081,1
6830,2
1743,2
10908,2
21105,2
21473,2
9523,2
1075,2
795,2
8945,1
8921,1
5402,1
19330,26
17360,69
5903,2
6447,81
7561,36
4812,28
3916,28
4729,11
20558,7
20379,44
6735,9
21811,35
21044,56
24707,49
19832,9
9005,8
25956,14
22990,7
9091,16
6581,9
5038,19
23803,79
11721,78
3363,33
16794,28
13594,76
22401,12
19277,47
510,19
7688,13
15075,10
6803,8
12892,9
1614,77
22694,7
1020,7
20809,5
23868,4
1029,1
8536,3
16557,2
1542,2
11719,3
20206,2
10735,2
23742,2
18804,3
24162,2
15521,2
16666,1
25546,89
10740,2
25540,8
18702,67
24255,30
8426,9
4532,7
22884,16
15627,28
6398,73
12939,18
23255,7
1352,8
21832,6
15605,29
22122,72
1189,81
14625,74
20049,76
2950,29
883,20
20686,14
21066,15
8864,8
22456,29
25687,9
7076,9
16855,26
14683,9
13907,70
10923,78
6669,8
16859,70
1503,9
8295,56
24196,19
24002,1
14370,2
2462,2
2750,1
10261,2
8805,2
775,1
15573,2
9039,2
18946,1
9765,1
5867,17
17144,7
17036,8
618,20
24249,41
20904,9
24965,18
26314,15
13675,39
16187,8
16633,15
16591,15
13020,9
24142,8
4103,11
5706,9
7777,28
6626,80
15002,76
5801,76
630,24
26787,3
21519,6
25343,6
3588,2
10745,3
7907,3
23981,2
18986,2
7344,2
16423,2
7164,1
24590,2
19707,1
13274,3
24930,75
9582,12
23235,30
2659,8
18749,34
12387,14
18582,12
7024,78
10882,62
4001,51
11914,16
14275,35
13998,9
26532,75
7242,72
8522,17
17043,13
12972,69
15538,26
16554,15
25857,5
15015,31
11950,21
6594,13
15146,72
3528,48
25046,20
21327,75
1330,9
13540,3
6842,7
23310,6
19818,4
10160,4
4292,2
9494,3
22568,1
24735,2
2727,2
15756,2
26479,2
10624,2
6000,2
4492,1
17278,2
10119,2
2154,2
8447,2
14884,2
6439,2
19219,2
15737,1
24523,1
13415,7
22615,7
9594,73
24741,16
16823,13
17634,13
735,14
4898,14
13579,8
5813,74
20142,16
5944,14
12359,72
11875,68
17639,7
18428,9
11276,15
7055,55
9336,39
1670,34
1511,10
915,53
13421,73
16041,9
2130,15
1795,14
764,9
9461,24
24540,75
22034,76
721,24
22976,23
4439,44
18128,29
13306,9
13551,21
21240,6
11482,5
14346,7
19941,2
875,2
7677,2
4045,2
25430,2
22394,1
2087,2
15351,2
20542,2
19705,2
10467,2
8374,2
26797,2
8000,2
26760,2
11308,1
2394,2
7666,1
1853,50
954,73
17413,28
22936,11
7467,75
9247,75
7257,8
16483,7
25477,8
7299,13
22512,30
15341,14
4504,12
5873,75
26772,9
19745,48
3908,28
215,15
17966,18
8869,69
9062,9
12737,83
19786,27
8396,8
2248,76
16209,9
7858,78
22474,19
14888,46
16146,10
10830,20
13221,12
24055,75
2801,76
18080,8
13137,48
2598,7
19604,6
22067,5
6751,3
22423,2
1784,2
4142,2
1103,1
2292,1
6192,2
22083,2
23405,2
6256,1
16719,2
7204,2
12895,1
25946,2
12378,2
22801,2
16790,2
5625,2
25781,31
7206,76
5681,75
19620,6
24872,75
25889,23
8348,19
7441,12
3457,35
587,51
15344,15
25505,23
15387,28
21243,12
26697,77
4040,14
1807,40
24812,40
2404,26
15007,27
12931,29
26784,64
9612,8
5810,12
6421,11
1553,52
19084,13
9790,25
25866,38
13484,10
19633,29
6346,29
5858,36
3292,75
2286,13
20507,9
20578,62
5537,68
13890,15
6082,6
7384,5
16417,4
4321,1
3614,3
20800,1
19053,3
22011,2
17040,2
18987,2
17248,2
8498,1
19028,2
19495,3
22138,2
6934,2
12539,2
16323,1
5629,2
4770,1
16315,77
6490,75
445,15
20151,18
15629,57
9709,8
11096,14
23086,8
1026,31
19165,73
18295,12
3562,78
11750,52
8240,30
2408,8
7044,73
4155,8
18181,55
17983,37
11651,75
6800,14
19550,38
21581,18
6677,8
676,76
17712,78
21667,10
14816,16
20313,9
996,17
26038,12
19609,13
13426,46
1151,77
4027,9
4153,17
18345,7
19164,5
16741,7
11715,2
14747,3
7403,2
25576,2
9149,2
4213,2
11868,2
3413,2
15665,2
11409,2
4486,2
22934,2
1588,2
4460,2
10122,2
4753,2
19114,2
23340,2
1819,2
17600,1
10349,76
14249,40
15789,69
8852,22
9142,76
18229,8
16228,72
20860,12
9343,9
11549,29
24751,34
6148,7
10576,16
12629,82
24419,28
21010,65
7062,36
14098,29
8269,15
11390,24
11081,9
157,45
17604,9
18784,27
23327,61
16894,22
7959,29
4905,76
22786,16
2232,78
6597,44
18007,72
5235,9
17612,10
12251,13
13686,19
6705,9
24030,2
13243,5
2486,5
21740,5
13721,2
2189,2
21048,2
6103,2
6107,2
9316,1
7774,1
1249,2
16959,2
25047,1
24021,1
20633,1
12275,2
15367,63
8318,7
23010,15
21099,7
6105,8
13838,7
9232,75
831,78
19940,15
14458,69
6020,76
11095,36
15476,31
20310,31
9160,29
25966,72
3102,76
11653,13
24609,2
17200,5
11920,4
14581,5
10314,2
6400,2
2166,2
939,2
14408,2
22131,2
21614,2
7735,2
7059,2
14571,1
2469,2
21475,2
20991,2
4031,2
5290,1
24852,28
66,76
6286,32
16142,43
17172,38
10284,36
4475,13
10005,8
25429,66
8191,76
8359,29
21509,31
6946,31
2137,19
508,65
23797,17
22074,67
9751,78
5946,18
25107,73
5540,67
1121,13
1846,76
12900,77
8105,15
4152,18
18680,9
26530,35
11135,77
22566,33
16585,30
16226,73
6260,8
7581,10
12926,19
18104,24
2857,27
11628,30
17204,30
22370,19
264,3
10558,4
651,4
17269,1
26246,2
3211,2
14259,2
22135,2
6676,2
17127,1
13300,1
22202,77
22312,81
22840,8
9210,8
20315,35
18037,28
2195,62
10873,12
24826,75
771,42
5839,47
4463,19
13558,34
21764,29
17190,78
9628,31
5358,15
6791,12
7154,7
10137,10
91,13
23753,92
12755,18
94,19
13469,35
22302,9
7094,29
22478,27
2366,9
9333,7
16206,9
13495,4
3427,5
25222,2
4522,2
12942,2
175,3
12641,1
25169,2
7830,2
4338,2
21568,2
26435,2
3501,1
16140,75
18973,42
12777,71
11498,78
1618,80
5335,79
5994,18
8401,8
21969,72
16915,22
16559,72
6636,31
3260,7
8830,74
21854,8
3762,79
26235,23
16249,71
13373,7
19210,77
3298,8
5126,76
15373,25
10030,4
5171,4
10859,2
14413,2
10968,2
13695,2
23904,2
14166,2
25907,1
3203,2
17281,2
13499,2
18374,2
7631,2
6563,1
5548,2
16038,1
19068,2
25061,1
767,2
26592,79
24282,73
20451,23
16781,15
2182,70
23165,12
13517,76
4270,13
26722,32
17359,38
12990,17
2239,13
17416,72
2234,76
18944,31
19636,77
13869,71
11121,18
3842,9
20646,90
17959,15
18998,12
14022,26
3719,2
1517,5
17515,7
3470,2
25677,2
4798,2
12573,2
6715,2
7380,2
16592,2
18005,2
161,2
26195,2
10755,1
1885,1
13812,75
11041,75
7721,8
17659,28
2226,33
6505,8
15181,23
14893,19
22799,75
12867,13
677,15
22842,52
11647,69
16807,9
7390,16
15559,9
20583,9
17887,32
23605,29
7285,14
637,29
1913,84
14006,37
1761,9
24564,13
11092,31
5371,44
1649,77
20874,73
24943,76
7536,6
25301,1
22597,18
8924,2
17544,2
2301,1
3587,2
2883,2
9162,2
9743,1
2548,1
7679,1
9752,30
26459,14
15726,75
25069,40
11603,75
12814,9
18717,32
17047,76
7172,19
2542,14
25910,10
10950,9
26613,71
661,74
3604,8
20005,8
24254,41
21818,9
14451,9
20287,16
4455,43
26614,7
2173,4
8883,4
5169,4
21749,2
12724,2
6860,2
14655,3
7660,2
8039,2
5679,2
489,3
2848,2
25426,2
2916,2
10075,2
14694,2
24933,2
19507,1
17304,2
20693,2
22972,2
25767,1
1178,91
16872,72
21735,76
15414,18
26586,73
14738,7
6817,73
14912,61
8281,30
16412,52
14600,50
16048,27
5322,7
2159,17
21253,76
5847,8
15571,50
24823,29
7591,28
8903,40
12166,52
6839,24
25591,9
2010,15
321,77
25920,12
17745,76
18491,13
20557,62
5462,29
13524,5
12526,5
6039,2
7007,3
11679,2
19317,2
8038,2
11840,2
19802,2
11185,2
22749,2
26136,2
7433,2
13248,2
6718,1
22377,2
6415,2
16486,7
13807,29
3259,20
7095,14
16091,14
2707,8
13497,69
25963,24
809,48
791,70
18887,9
23911,30
10385,19
19168,11
20923,76
6456,16
5016,8
17989,27
2406,27
2310,66
19329,78
25636,17
13703,15
11346,25
15096,15
9635,29
19012,24
12235,6
18693,2
353,6
14320,4
20304,6
20488,2
19443,2
9863,2
4387,3
4527,2
12279,2
13801,2
4886,3
7564,2
10789,1
2983,1
23836,4
1480,2
10743,1
9909,1
25291,77
24636,17
21241,80
15591,18
5668,25
16005,75
7372,12
16118,16
17042,18
7869,17
24331,23
23241,15
1142,8
11370,74
4737,65
15046,16
1548,16
24358,9
24877,6
21640,8
3591,12
18656,32
9970,38
7742,17
1047,29
5916,29
9297,28
13959,18
5504,9
23477,7
8791,7
22956,4
984,2
8587,2
18952,2
17417,2
19043,2
7943,2
24084,2
11641,2
13644,2
13787,2
14953,2
20092,2
7371,2
7330,2
7914,2
20900,1
3163,1
14774,3
8582,1
22664,75
20879,75
23005,73
1546,79
23650,15
129,13
9631,23
22619,59
4795,76
19555,23
5641,14
11962,13
10330,37
18357,76
15161,13
2651,7
24677,65
22591,29
25474,9
9332,10
11248,18
19117,8
3416,38
2472,64
23366,9
8678,8
16329,6
5897,3
13786,3
3680,2
9468,2
11257,1
18743,2
368,2
8037,2
17821,2
21307,2
2969,2
23408,2
21657,3
19812,1
10680,13
6467,19
21164,39
20016,57
5887,76
18696,20
7322,31
3937,21
13402,28
10942,8
942,7
26398,75
21846,22
18569,21
16020,75
20647,14
608,9
13845,18
5259,17
19007,32
2029,13
14771,9
14665,30
4222,8
2698,20
9153,29
3326,30
3800,6
23409,9
25836,15
10971,29
5131,29
14786,23
18136,51
15294,26
23377,15
10461,25
22149,9
11983,9
10118,77
21537,38
5363,5
2620,6
13706,6
3133,2
18544,4
4906,2
3477,2
24481,2
76,2
14265,2
5379,2
13445,1
6524,1
10282,2
16447,5
17806,37
12445,75
13103,75
3464,75
23520,42
10704,75
5035,34
7103,51
2194,9
18626,17
21650,19
10208,7
11853,3
21776,77
21276,77
196,8
19683,80
16205,13
8566,31
21874,7
9994,8
9978,2
22812,2
21760,2
5292,13
3371,4
10426,3
21414,1
22035,2
3594,2
5390,2
7886,2
13413,2
2905,2
18817,2
15651,2
7873,2
20353,2
2655,2
2,2
21688,1
25794,2
337,2
20014,2
12046,2
16107,18
828,41
7128,12
9255,75
17739,37
6463,8
24273,75
7264,28
21557,7
16877,7
11535,27
11489,12
2381,26
8127,28
2420,45
22878,71
5449,7
2451,7
10912,10
2003,10
6270,18
14780,13
23950,14
4223,16
13482,24
22180,18
3396,8
13789,76
7029,18
2312,76
22928,76
18786,11
24320,4
8867,7
18308,5
10131,5
5586,2
23243,2
4442,2
2972,2
24005,2
23433,2
4052,2
23743,2
24220,2
1928,4
23068,2
1991,2
4520,2
10289,2
20639,1
17517,8
15959,39
1493,8
15856,60
26496,8
12182,35
1945,12
15182,28
23827,8
4106,75
14661,21
435,8
14001,75
10163,58
15649,5
17196,17
10899,17
18204,8
17074,17
8310,17
2534,9
25243,27
26505,57
3522,8
1188,79
1091,15
655,9
956,76
19787,52
2081,9
22896,13
24192,9
21744,17
2273,17
22244,77
14473,13
2525,2
8916,7
311,7
6799,5
9396,3
13344,4
12702,1
23680,2
9538,2
2284,2
7656,2
1703,2
18116,2
12197,2
14702,2
26453,2
192,3
12057,2
5639,2
23913,2
15917,2
10187,2
5601,2
590,3
7367,1
226,75
23651,8
22686,23
13376,32
4709,15
12580,14
23562,14
10158,76
15545,8
22426,77
26582,29
2647,8
80,76
13618,32
6918,24
4744,77
5636,36
19144,13
2780,76
569,74
1380,16
10045,54
16007,19
15298,77
10369,68
17337,14
12981,76
21837,25
26794,33
24680,20
24149,29
19460,10
10016,30
21140,76
11661,10
23828,13
18259,75
20139,10
6833,11
19412,30
10236,9
20863,19
12373,38
20443,15
2509,8
19724,7
18096,4
2746,4
9291,5
19183,6
6344,3
23935,2
17005,2
19268,2
340,2
2027,2
22524,2
14293,2
23089,2
15245,2
17582,2
25362,2
23059,2
2901,1
22662,1
8672,2
4421,8
17632,31
11149,30
7317,49
18337,8
8959,8
3685,9
14656,72
19377,75
7198,7
707,28
25871,50
15838,8
7152,82
17052,20
12284,10
4538,13
13209,35
10148,9
301,54
6742,77
19133,30
12002,39
17483,5
4804,29
14191,17
16347,30
22236,9
17979,31
15082,77
18265,24
12719,9
20223,8
1498,73
22676,18
6471,16
6472,2
22706,4
11420,1
12868,2
717,2
24166,2
9971,3
10359,1
847,2
11620,3
22444,2
15512,1
3380,31
21119,45
19929,75
1324,18
26366,16
10006,8
10959,31
20854,12
17135,168
1218,130
5570,60
23961,17
17132,48
17476,17
1224,26
1409,50
11215,38
12591,81
5952,76
12757,78
22318,78
18310,9
2456,9
26501,21
5634,9
17446,15
24894,16
2678,6
13470,7
24309,4
3223,5
23846,5
1310,1
18447,4
26704,2
11831,2
21562,1
5567,1
22153,2
8833,2
3974,1
26732,1
16268,1
14883,31
22576,75
5733,6
18632,2
14964,12
17585,8
15862,46
7707,72
4794,12
10554,13
14942,7
21182,78
8457,12
17325,78
22689,29
22515,8
145,19
6829,8
14931,8
50,8
15083,6
7124,8
26012,47
2838,9
23586,11
2818,76
12151,9
9259,27
16758,52
24577,46
13698,18
2505,76
25286,32
20511,1
26737,17
18264,10
24618,22
19720,27
4141,35
6482,56
26778,2
23145,6
1222,5
21136,5
13434,2
20540,1
20429,3
26159,2
7429,2
6863,2
8623,2
22486,2
23854,2
2112,2
18776,2
25439,2
330,1
7025,8
12073,76
553,74
8675,11
26311,37
2040,14
4923,64
26340,14
15950,76
16550,9
20095,13
2054,76
16602,13
21282,29
25431,78
542,41
332,9
10021,29
5793,13
13156,16
6935,9
8523,10
24881,76
2677,8
19685,6
25761,10
11371,76
16928,10
24639,30
57,15
11677,30
11336,15
14160,6
25882,5
11305,3
11129,2
24792,1
12711,2
15033,2
6137,2
8407,3
6706,2
11341,2
20716,1
5298,2
10078,2
9921,2
17193,1
12432,1
947,2
24599,2
6306,1
12991,75
572,75
24461,75
14805,28
22416,23
15730,13
18416,8
4005,27
13673,8
25183,7
19883,10
26579,8
23988,75
16854,6
10324,8
20329,28
21297,17
7507,15
20393,9
15123,18
20945,17
17763,53
21431,13
26543,35
23860,76
21609,27
11522,44
13111,11
9619,29
2078,76
22462,9
990,15
4758,20
14226,9
6664,7
1691,6
22261,4
24797,4
26251,5
21725,5
6713,5
21207,2
25071,1
21871,2
5853,1
14631,3
4921,4
20200,2
14773,2
11969,2
12405,2
10295,2
4411,2
22637,2
25738,2
24126,2
10862,76
25633,36
1629,12
14605,75
2618,75
14934,76
12839,83
16584,9
25858,28
12381,77
18758,10
26597,31
25392,42
21230,18
13082,77
2193,9
17301,74
17195,53
24354,40
24801,29
9578,17
3573,52
3992,15
8900,80
6144,9
6353,9
11288,8
14828,9
13054,27
17174,4
12363,7
23385,7
8443,1
25270,5
12962,5
17678,3
1001,4
15290,2
16817,2
9541,2
23354,2
24348,2
11683,2
11488,2
8190,2
1389,2
23800,2
6488,2
16610,1
6474,30
16210,30
6720,31
21305,30
6058,32
3920,8
6396,30
438,7
26182,5
11896,82
26334,18
13878,29
18777,75
13810,9
9592,76
21665,36
3552,11
8700,47
25007,23
8971,76
24295,26
2367,76
16349,30
20817,58
1329,49
9015,73
16689,22
14167,9
13637,19
6068,25
8491,9
3715,2
16586,7
699,9
20774,3
5885,2
11567,2
23590,2
26204,2
22492,2
5884,2
3033,2
14145,2
8643,2
7447,1
10505,1
